Player,Pos,Age,Tm,G,MP,PER,TS%,3PAr,FTr,ORB%,DRB%,TRB%,AST%,STL%,BLK%,TOV%,USG%,OWS,DWS,WS,WS/48,OBPM,DBPM,BPM,VORP,season
Precious Achiuwa,C,23,TOR,55,1140,15.2,.554,.267,.307,9.3,24.4,16.3,6.3,1.3,2.6,11.4,19.4,0.8,1.4,2.2,.093,-1.4,-0.8,-2.3,-0.1,2023
Steven Adams,C,29,MEM,42,1133,17.5,.564,.004,.490,20.1,25.3,22.7,11.2,1.5,3.7,19.8,14.6,1.3,2.1,3.4,.144,-0.3,0.9,0.6,0.7,2023
Bam Adebayo,C,25,MIA,75,2598,20.1,.592,.011,.361,8.0,23.6,15.5,15.9,1.7,2.4,12.7,25.2,3.6,3.8,7.4,.137,0.8,0.8,1.5,2.3,2023
Ochai Agbaji,SG,22,UTA,59,1209,9.5,.561,.591,.179,3.9,6.9,5.4,7.5,0.6,1.0,9.0,15.8,0.9,0.4,1.3,.053,-1.7,-1.4,-3.0,-0.3,2023
Santi Aldama,PF,22,MEM,77,1682,13.9,.591,.507,.274,5.4,18.0,11.7,7.6,1.3,2.6,9.3,16.0,2.1,2.4,4.6,.130,-0.3,0.8,0.5,1.1,2023
Nickeil Alexander-Walker,SG,24,TOT,59,884,11.6,.565,.539,.203,1.9,10.5,6.3,16.7,1.7,2.0,14.6,17.9,0.3,0.8,1.1,.062,-1.4,0.4,-0.9,0.2,2023
Nickeil Alexander-Walker,SG,24,UTA,36,528,13.0,.609,.512,.229,1.7,10.3,6.0,19.9,2.2,2.2,19.4,18.4,0.3,0.5,0.8,.074,-0.6,1.1,0.5,0.3,2023
Nickeil Alexander-Walker,SG,24,MIN,23,356,9.6,.503,.576,.168,2.2,10.8,6.6,12.0,1.1,1.7,6.9,17.3,0.0,0.3,0.3,.044,-2.5,-0.5,-3.0,-0.1,2023
Grayson Allen,SG,27,MIL,72,1972,12.3,.612,.657,.226,3.4,9.0,6.3,10.9,1.5,0.6,10.5,14.6,2.8,2.2,5.1,.123,-0.6,0.7,0.1,1.0,2023
Jarrett Allen,C,24,CLE,68,2220,19.9,.670,.016,.353,11.7,23.6,17.7,7.5,1.2,3.5,11.4,16.4,5.5,4.0,9.5,.205,1.3,1.0,2.4,2.4,2023
Jose Alvarado,PG,24,NOP,61,1310,11.8,.525,.505,.164,2.4,9.8,6.1,19.9,2.5,0.7,13.4,19.8,0.1,1.7,1.8,.066,-2.0,0.7,-1.2,0.3,2023
Kyle Anderson,PF,29,MIN,69,1957,14.8,.583,.212,.275,3.8,16.9,10.5,22.6,1.9,2.8,15.7,14.4,2.5,2.6,5.1,.125,0.2,2.3,2.5,2.2,2023
Giannis Antetokounmpo,PF,28,MIL,63,2024,29.0,.605,.134,.604,7.3,30.0,19.1,33.2,1.2,2.1,13.2,38.8,4.9,3.7,8.6,.204,5.8,2.7,8.5,5.4,2023
Thanasis Antetokounmpo,PF,30,MIL,37,206,6.7,.458,.174,.478,7.9,14.1,11.1,9.3,0.7,1.2,17.7,13.8,-0.1,0.2,0.1,.022,-6.5,-1.1,-7.6,-0.3,2023
Cole Anthony,PG,22,ORL,60,1552,16.0,.570,.338,.279,3.4,17.6,10.5,22.9,1.2,1.9,11.7,21.5,2.1,1.7,3.7,.116,0.7,0.5,1.3,1.3,2023
OG Anunoby,SF,25,TOR,67,2386,14.6,.586,.415,.189,4.2,12.1,7.9,8.0,2.7,2.0,12.1,19.5,1.8,2.9,4.7,.094,-0.3,0.7,0.4,1.5,2023
Ryan Arcidiacono,PG,28,TOT,20,172,2.7,.351,.622,.000,0.0,10.0,5.0,16.9,1.4,0.0,15.9,11.1,-0.2,0.1,-0.2,-0.043,-7.3,-1.5,-8.8,-0.3,2023
Ryan Arcidiacono,PG,28,NYK,11,26,3.1,.300,.600,.000,0.0,17.0,8.4,9.3,3.8,0.0,16.7,9.9,0.0,0.0,0.0,-0.012,-8.9,3.8,-5.1,0.0,2023
Ryan Arcidiacono,PG,28,POR,9,146,2.6,.359,.625,.000,0.0,8.7,4.3,18.3,1.0,0.0,15.8,11.3,-0.2,0.0,-0.1,-0.049,-7.0,-2.4,-9.4,-0.3,2023
Deni Avdija,SF,22,WAS,76,2020,11.2,.535,.401,.285,4.2,21.9,13.4,13.9,1.6,1.2,15.9,16.7,0.0,2.3,2.3,.054,-2.8,0.5,-2.3,-0.1,2023
Deandre Ayton,C,24,PHO,67,2035,19.9,.617,.027,.225,9.2,27.5,18.1,9.2,0.9,2.3,11.0,22.9,3.3,3.0,6.2,.147,0.9,0.0,0.9,1.5,2023
Udoka Azubuike,C,23,UTA,36,359,16.1,.774,.000,.278,9.5,26.1,17.9,4.3,0.8,3.5,18.2,11.5,0.6,0.4,1.0,.134,-1.2,0.5,-0.6,0.1,2023
Marvin Bagley III,C,23,DET,42,990,17.2,.587,.173,.283,10.2,20.2,15.1,5.9,0.9,2.7,9.7,20.4,1.3,0.7,2.0,.095,0.3,-1.2,-0.9,0.3,2023
Patrick Baldwin Jr.,SF,20,GSW,31,226,11.3,.546,.771,.055,0.5,18.6,9.7,6.9,1.3,1.6,9.0,22.8,-0.1,0.3,0.1,.029,-0.7,-1.4,-2.1,0.0,2023
,,,,,,,,,,,,,,,,,,,,,,,,,,2023
LaMelo Ball,PG,21,CHO,36,1268,17.9,.541,.531,.169,3.5,16.2,9.7,38.7,1.7,0.8,14.3,30.0,0.6,1.2,1.8,.068,3.2,-0.8,2.4,1.4,2023
Mo Bamba,C,24,TOT,49,769,15.7,.602,.515,.257,8.5,24.2,16.4,8.7,0.8,5.3,10.1,16.6,1.1,1.1,2.2,.139,-0.2,0.7,0.5,0.5,2023
Mo Bamba,C,24,ORL,40,681,16.3,.613,.505,.238,7.8,22.8,15.3,9.0,0.9,5.4,8.5,16.3,1.2,0.9,2.1,.150,0.4,0.9,1.3,0.6,2023
Mo Bamba,C,24,LAL,9,88,11.4,.518,.593,.407,13.9,35.3,24.9,6.0,0.5,4.8,20.1,19.1,-0.1,0.2,0.1,.054,-5.3,-0.2,-5.5,-0.1,2023
Paolo Banchero,PF,20,ORL,72,2430,14.9,.529,.254,.476,3.9,19.3,11.6,17.2,1.2,1.5,12.8,27.5,-0.3,2.6,2.4,.047,-0.7,-0.7,-1.5,0.3,2023
Desmond Bane,SG,24,MEM,58,1841,19.1,.606,.433,.218,2.5,14.3,8.4,20.8,1.4,1.1,10.9,26.1,3.5,2.3,5.8,.151,3.3,0.1,3.5,2.5,2023
Dalano Banton,PG,23,TOR,31,279,14.9,.505,.392,.185,4.2,14.9,9.1,19.3,2.3,4.5,11.4,24.2,0.0,0.4,0.4,.064,-1.1,0.6,-0.5,0.1,2023
Dominick Barlow,PF,19,SAS,28,408,12.4,.567,.047,.291,11.9,15.6,13.7,7.6,1.2,3.8,13.4,11.3,0.5,0.2,0.7,.082,-3.7,-0.8,-4.6,-0.3,2023
Harrison Barnes,PF,30,SAC,82,2662,14.1,.632,.446,.522,3.8,11.9,7.9,6.3,1.0,0.3,8.1,17.1,5.1,1.4,6.5,.118,0.5,-1.5,-1.0,0.7,2023
Scottie Barnes,SF,21,TOR,77,2678,15.5,.524,.220,.242,7.1,15.2,10.8,20.0,1.5,2.2,12.0,20.3,2.3,2.7,5.0,.090,0.5,-0.1,0.4,1.6,2023
RJ Barrett,SG,22,NYK,73,2475,12.9,.531,.332,.333,2.7,13.7,8.2,12.4,0.6,0.6,10.8,26.2,0.5,1.8,2.2,.043,-1.2,-1.9,-3.1,-0.7,2023
Will Barton,SG,32,TOT,56,993,10.0,.493,.495,.129,1.7,13.5,7.7,15.4,1.4,1.1,11.1,18.9,-0.4,0.8,0.4,.021,-2.0,-0.6,-2.6,-0.2,2023
Will Barton,SG,32,WAS,40,782,10.0,.504,.484,.158,1.5,13.8,7.9,16.5,1.1,1.1,12.9,19.4,-0.4,0.6,0.2,.013,-1.7,-0.9,-2.7,-0.1,2023
Will Barton,SG,32,TOR,16,211,9.9,.451,.532,.025,2.5,12.2,7.0,11.0,2.6,1.4,3.6,16.7,0.0,0.2,0.2,.051,-2.9,0.5,-2.5,0.0,2023
Charles Bassey,C,22,SAS,35,508,18.8,.658,.059,.274,15.5,26.4,20.7,12.9,1.5,5.4,21.3,15.6,0.7,0.6,1.3,.122,-0.7,1.3,0.6,0.3,2023
Keita Bates-Diop,PF,27,SAS,67,1452,14.9,.609,.305,.323,4.7,14.3,9.3,9.8,1.5,1.1,9.5,16.7,2.1,0.6,2.7,.089,0.3,-0.9,-0.6,0.5,2023
Nicolas Batum,PF,34,LAC,78,1709,11.0,.594,.832,.126,4.1,15.4,9.8,9.4,1.5,2.3,11.1,11.5,1.7,1.9,3.6,.101,-0.8,1.2,0.5,1.0,2023
Darius Bazley,C,22,TOT,43,616,13.1,.524,.290,.383,5.8,18.5,12.1,8.3,1.7,5.1,11.2,16.4,0.1,0.9,1.0,.078,-2.0,1.0,-1.0,0.2,2023
Darius Bazley,C,22,OKC,36,555,12.9,.525,.285,.411,5.5,18.3,11.8,7.6,1.6,4.8,10.5,15.7,0.1,0.8,0.9,.079,-1.8,0.8,-1.0,0.1,2023
Darius Bazley,C,22,PHO,7,61,15.5,.515,.320,.200,8.9,20.4,14.5,14.5,2.4,7.3,15.5,22.5,0.0,0.1,0.1,.066,-3.7,3.3,-0.4,0.0,2023
Bradley Beal,SG,29,WAS,50,1673,19.7,.593,.249,.260,2.8,9.9,6.5,26.6,1.3,1.7,12.9,29.2,2.2,1.2,3.4,.099,2.9,-1.2,1.8,1.6,2023
Malik Beasley,SG,26,TOT,81,2093,10.9,.531,.702,.069,1.8,12.5,7.3,8.4,1.5,0.4,8.5,21.1,-0.2,1.6,1.4,.032,-0.9,-1.0,-2.0,0.0,2023
Malik Beasley,SG,26,UTA,55,1472,11.5,.535,.704,.066,2.0,12.3,7.2,9.0,1.4,0.5,8.0,21.2,0.3,1.0,1.2,.040,-0.4,-1.2,-1.6,0.2,2023
Malik Beasley,SG,26,LAL,26,621,9.7,.521,.698,.078,1.4,13.0,7.4,7.0,1.6,0.1,9.8,20.9,-0.5,0.6,0.2,.012,-2.3,-0.6,-2.9,-0.1,2023
MarJon Beauchamp,SF,22,MIL,52,701,8.2,.513,.584,.152,5.9,11.0,8.5,6.7,1.4,0.8,14.8,18.3,-0.4,0.8,0.4,.027,-4.1,-0.6,-4.8,-0.5,2023
Dāvis Bertāns,PF,30,DAL,45,492,11.9,.618,.881,.094,2.3,10.3,6.3,6.2,1.1,1.5,5.7,16.2,0.6,0.3,0.9,.090,0.0,-1.3,-1.2,0.1,2023
Patrick Beverley,SG-PG,34,TOT,67,1816,8.9,.534,.664,.181,2.7,12.0,7.5,13.3,1.7,2.0,13.4,10.6,0.8,2.1,3.0,.079,-2.9,1.7,-1.2,0.3,2023
Patrick Beverley,SG,34,LAL,45,1211,8.3,.548,.656,.207,2.2,9.9,6.2,12.1,1.6,1.7,13.8,10.6,0.5,1.3,1.8,.071,-3.2,1.4,-1.8,0.1,2023
Patrick Beverley,PG,34,CHI,22,605,10.1,.506,.681,.126,3.8,16.0,10.0,15.7,1.9,2.6,12.5,10.5,0.3,0.9,1.2,.096,-2.4,2.2,-0.2,0.3,2023
Saddiq Bey,SF,23,TOT,77,2129,14.6,.564,.500,.285,5.0,14.0,9.4,8.1,1.6,0.5,7.0,20.2,2.6,1.2,3.9,.087,0.9,-1.2,-0.3,0.9,2023
Saddiq Bey,SF,23,DET,52,1500,14.3,.552,.483,.345,4.2,13.9,8.9,8.5,1.6,0.7,7.2,21.3,1.5,0.8,2.3,.074,0.5,-1.1,-0.7,0.5,2023
Saddiq Bey,SF,23,ATL,25,629,15.2,.599,.543,.126,6.7,14.3,10.4,7.2,1.5,0.1,6.5,17.4,1.1,0.5,1.6,.119,1.7,-1.2,0.5,0.4,2023
,,,,,,,,,,,,,,,,,,,,,,,,,,2023
Khem Birch,C,30,TOR,20,162,9.4,.629,.063,.156,5.2,12.8,8.7,5.8,1.5,3.0,19.0,11.1,0.1,0.2,0.2,.072,-4.6,1.1,-3.5,-0.1,2023
Goga Bitadze,C,23,TOT,38,457,17.1,.582,.208,.336,15.0,18.7,16.8,12.1,1.7,5.3,13.3,15.4,0.8,0.6,1.3,.141,-0.8,1.1,0.3,0.3,2023
Goga Bitadze,C,23,IND,21,202,13.9,.551,.269,.462,13.8,13.2,13.5,12.1,2.1,4.3,16.1,15.5,0.2,0.2,0.4,.087,-2.3,1.2,-1.1,0.0,2023
Goga Bitadze,C,23,ORL,17,255,19.7,.606,.164,.247,15.9,23.1,19.5,12.2,1.3,6.1,11.0,15.3,0.6,0.4,1.0,.184,0.4,1.0,1.3,0.2,2023
Bismack Biyombo,C,30,PHO,61,874,14.4,.555,.000,.340,11.0,22.1,16.5,8.7,1.0,9.0,17.7,14.0,0.2,1.6,1.9,.102,-3.4,2.5,-0.9,0.2,2023
Buddy Boeheim,SF,23,DET,10,90,0.5,.287,.926,.074,2.4,5.1,3.7,5.8,1.1,0.0,0.0,13.2,-0.2,0.0,-0.2,-0.091,-7.5,-2.0,-9.5,-0.2,2023
Bogdan Bogdanović,SG,30,ATL,54,1508,14.2,.586,.589,.126,1.6,10.4,6.0,13.4,1.4,1.0,9.2,19.8,1.8,1.0,2.8,.088,1.1,-0.7,0.5,0.9,2023
Bojan Bogdanović,PF,33,DET,59,1893,17.4,.627,.400,.344,2.0,11.3,6.5,13.6,0.9,0.4,11.7,25.9,3.1,0.4,3.5,.090,2.6,-1.8,0.8,1.4,2023
Bol Bol,PF,23,ORL,70,1505,14.4,.603,.236,.226,5.2,25.3,15.2,6.9,1.0,5.5,17.6,18.2,0.0,2.2,2.3,.072,-1.8,0.9,-0.9,0.4,2023
Leandro Bolmaro,SF,22,UTA,14,68,-5.0,.150,.200,.000,6.5,4.7,5.6,12.3,2.1,1.2,25.9,16.6,-0.4,0.0,-0.3,-0.231,-12.4,-2.3,-14.7,-0.2,2023
Devin Booker,SG,26,PHO,53,1835,22.0,.601,.296,.336,2.7,12.0,7.2,27.3,1.4,0.9,10.6,31.8,4.2,1.9,6.0,.157,4.5,-0.3,4.2,2.9,2023
Brandon Boston Jr.,SF,21,LAC,22,248,13.4,.515,.238,.311,3.2,10.3,6.8,12.5,1.8,0.0,8.0,26.5,0.0,0.2,0.2,.040,-1.5,-0.7,-2.2,0.0,2023
Chris Boucher,PF,30,TOR,76,1523,18.0,.590,.357,.318,10.9,21.2,15.7,2.7,1.5,4.1,6.4,18.0,3.0,2.0,5.0,.156,0.7,-0.8,-0.1,0.7,2023
James Bouknight,SG,22,CHO,34,515,6.2,.463,.565,.155,1.6,13.5,7.5,11.1,1.3,0.8,13.4,19.5,-0.8,0.4,-0.4,-0.040,-5.4,-1.1,-6.5,-0.6,2023
Jamaree Bouyea,PG,23,TOT,5,71,6.5,.504,.429,.143,1.6,8.4,4.9,7.8,2.8,2.9,21.2,11.8,-0.1,0.1,0.0,.013,-5.8,1.6,-4.2,0.0,2023
Jamaree Bouyea,PG,23,MIA,4,65,7.8,.540,.385,.154,1.7,7.5,4.5,8.6,3.1,3.1,22.4,12.2,-0.1,0.1,0.0,.029,-4.9,1.9,-2.9,0.0,2023
Jamaree Bouyea,PG,23,WAS,1,6,-6.9,.000,1.000,.000,0.0,17.9,9.3,0.0,0.0,0.0,0.0,7.2,0.0,0.0,0.0,-0.150,-16.1,-1.7,-17.8,0.0,2023
Tony Bradley,C,25,CHI,12,33,21.7,.690,.417,.333,3.5,33.8,18.9,4.4,1.5,2.9,6.8,19.8,0.1,0.1,0.2,.220,4.4,0.5,4.9,0.1,2023
Malaki Branham,SG,19,SAS,66,1550,9.5,.524,.417,.115,1.9,11.2,6.4,11.4,1.0,0.4,10.6,19.1,-0.4,0.2,-0.1,-0.004,-3.0,-2.1,-5.2,-1.3,2023
Jarrell Brantley,PF,26,UTA,4,39,18.5,.739,.643,.143,2.8,13.7,8.3,11.4,0.0,4.3,11.8,18.1,0.1,0.0,0.1,.160,3.1,0.4,3.5,0.1,2023
Christian Braun,SG,21,DEN,76,1181,10.3,.568,.332,.221,4.8,12.6,8.8,6.4,1.7,1.3,9.9,13.0,0.7,1.2,1.9,.079,-2.5,0.1,-2.4,-0.1,2023
Mikal Bridges,SF-SG,26,TOT,83,2963,16.8,.587,.349,.279,2.9,10.8,6.8,13.7,1.5,1.8,8.2,22.6,4.4,3.1,7.5,.121,1.5,0.2,1.7,2.8,2023
Mikal Bridges,SF,26,PHO,56,2040,14.8,.574,.342,.228,3.0,10.4,6.6,14.1,1.6,2.0,8.5,19.2,2.7,2.2,4.9,.116,0.4,0.6,1.0,1.6,2023
Mikal Bridges,SG,26,BRK,27,923,21.3,.607,.360,.356,2.9,11.7,7.4,12.9,1.4,1.5,7.8,30.3,1.7,0.8,2.5,.133,4.0,-0.8,3.3,1.2,2023
Oshae Brissett,PF,24,IND,65,1083,10.6,.520,.486,.455,6.4,16.0,11.2,5.4,1.4,1.0,8.2,16.1,0.4,0.7,1.1,.050,-2.0,-1.2,-3.2,-0.3,2023
Malcolm Brogdon,PG,30,BOS,67,1744,18.2,.615,.406,.251,2.7,14.7,8.8,21.5,1.3,0.9,10.8,22.8,3.6,2.2,5.8,.161,2.3,0.6,2.8,2.1,2023
,,,,,,,,,,,,,,,,,,,,,,,,,,2023
Dillon Brooks,SF,27,MEM,73,2214,9.4,.494,.443,.155,2.2,9.5,5.8,11.7,1.4,0.7,8.9,21.8,-0.8,2.4,1.6,.034,-3.4,-0.5,-3.9,-1.1,2023
Bruce Brown,SF,26,DEN,80,2280,13.3,.571,.343,.206,3.3,13.0,8.3,15.7,1.9,2.0,13.2,17.8,1.7,2.6,4.3,.090,-1.1,0.6,-0.5,0.9,2023
Greg Brown III,PF,21,POR,16,93,5.8,.421,.250,.429,2.5,21.2,11.7,4.5,2.1,4.8,15.3,18.4,-0.3,0.1,-0.1,-0.074,-8.5,0.0,-8.5,-0.2,2023
Jaylen Brown,SF,26,BOS,67,2405,19.1,.581,.352,.249,3.6,17.0,10.4,16.5,1.5,0.9,11.4,31.4,1.6,3.4,5.0,.100,1.5,-0.2,1.3,2.0,2023
Kendall Brown,SG,19,IND,6,40,9.1,.571,.143,.286,5.6,11.1,8.3,9.7,4.7,0.0,20.2,10.4,0.0,0.1,0.1,.071,-7.0,4.0,-2.9,0.0,2023
Moses Brown,C,23,TOT,36,294,22.2,.607,.000,.750,22.0,30.9,26.5,2.1,0.7,4.2,10.5,21.2,0.7,0.4,1.1,.179,0.6,-1.2,-0.6,0.1,2023
Moses Brown,C,23,LAC,34,288,22.7,.607,.000,.750,22.4,31.5,27.0,2.2,0.5,4.3,9.9,21.5,0.7,0.4,1.1,.185,0.9,-1.3,-0.4,0.1,2023
Moses Brown,C,23,BRK,2,6,-2.6,,,,0.0,0.0,0.0,0.0,8.1,0.0,100.0,7.4,0.0,0.0,0.0,-0.129,-12.7,2.8,-9.9,0.0,2023
Sterling Brown,SF,27,LAL,4,24,7.0,.000,.500,.000,13.9,21.6,17.8,9.4,5.9,0.0,0.0,7.0,0.0,0.1,0.0,.040,-7.7,4.3,-3.3,0.0,2023
Troy Brown Jr.,SF,23,LAL,76,1860,9.6,.561,.604,.084,3.7,13.7,8.9,6.6,1.5,0.7,9.2,12.1,1.0,2.0,2.9,.075,-1.8,0.8,-1.0,0.5,2023
Jalen Brunson,PG,26,NYK,68,2379,21.2,.597,.269,.328,1.8,9.3,5.6,28.7,1.3,0.6,9.4,27.2,6.9,1.8,8.7,.175,4.4,-0.5,3.9,3.5,2023
Thomas Bryant,C,25,TOT,59,1081,19.7,.682,.160,.341,8.9,24.6,17.0,4.3,0.7,2.4,8.2,18.2,2.7,1.4,4.1,.183,1.1,-0.5,0.6,0.7,2023
Thomas Bryant,C,25,LAL,41,876,21.5,.712,.166,.359,8.5,25.1,17.1,5.0,0.8,2.2,7.4,18.2,2.7,1.2,3.8,.211,2.4,-0.1,2.3,0.9,2023
Thomas Bryant,C,25,DEN,18,205,11.8,.547,.132,.265,11.0,22.4,16.8,1.3,0.5,3.0,11.6,18.2,0.0,0.2,0.3,.066,-4.4,-2.2,-6.6,-0.2,2023
Reggie Bullock,SF,31,DAL,78,2364,7.7,.577,.845,.079,1.6,12.5,7.0,6.2,1.1,0.5,6.9,10.0,1.3,1.4,2.8,.056,-2.3,-0.3,-2.6,-0.4,2023
Alec Burks,SG,31,DET,51,1122,16.5,.602,.521,.410,1.8,14.2,7.8,15.9,1.6,0.6,9.7,22.8,1.9,0.6,2.5,.109,1.8,-0.5,1.2,0.9,2023
Deonte Burton,PF,29,SAC,2,6,-12.6,.000,.500,.000,0.0,0.0,0.0,0.0,0.0,0.0,0.0,14.3,0.0,0.0,0.0,-0.347,-13.9,-10.4,-24.2,0.0,2023
Jared Butler,PG,22,OKC,6,77,13.0,.578,.438,.000,1.4,4.3,2.8,15.0,3.1,0.0,13.5,20.1,0.0,0.1,0.1,.061,-2.2,-0.4,-2.6,0.0,2023
Jimmy Butler,PF,33,MIA,64,2138,27.6,.647,.116,.625,7.5,13.3,10.3,27.1,2.7,1.0,8.2,25.6,9.4,2.9,12.3,.277,6.7,2.0,8.7,5.8,2023
John Butler,C,20,POR,19,221,5.7,.411,.660,.075,1.5,7.3,4.4,6.5,1.5,3.6,1.8,11.0,-0.1,0.1,0.0,.001,-5.4,-0.8,-6.2,-0.2,2023
Jamal Cain,PF,23,MIA,18,240,16.5,.647,.303,.333,7.1,18.7,12.7,7.6,2.3,0.4,7.3,15.1,0.5,0.3,0.8,.169,-0.5,1.3,0.8,0.2,2023
Kentavious Caldwell-Pope,SG,29,DEN,76,2381,11.5,.598,.505,.198,1.7,8.1,5.0,9.8,2.3,1.3,11.1,14.1,2.0,2.5,4.5,.091,-1.6,0.6,-1.0,0.6,2023
Facundo Campazzo,PG,31,DAL,8,52,7.8,.360,.846,.154,0.0,4.5,2.2,22.6,5.7,0.0,17.8,14.7,-0.1,0.1,0.0,-0.012,-4.8,3.6,-1.2,0.0,2023
Vlatko Čančar,PF,25,DEN,60,889,11.0,.606,.507,.181,3.2,13.1,8.3,11.5,1.2,1.4,13.1,13.8,0.9,0.8,1.7,.093,-1.7,-0.1,-1.8,0.0,2023
,,,,,,,,,,,,,,,,,,,,,,,,,,2023
Clint Capela,C,28,ATL,65,1730,22.1,.656,.002,.244,16.1,29.4,22.7,4.7,1.2,3.9,8.3,15.7,4.9,2.4,7.2,.201,2.3,-0.1,2.2,1.8,2023
Vernon Carey Jr.,C,21,WAS,11,28,10.8,.338,.000,.250,12.4,30.6,21.8,13.3,3.5,6.0,18.4,16.9,-0.1,0.1,0.0,.014,-7.1,2.1,-5.0,0.0,2023
Jevon Carter,PG,27,MIL,81,1810,10.9,.560,.596,.067,2.1,9.3,5.8,14.5,1.7,1.3,11.8,15.3,1.2,2.3,3.5,.092,-1.9,1.2,-0.6,0.6,2023
Wendell Carter Jr.,C,23,ORL,57,1690,17.3,.621,.367,.318,8.0,25.3,16.6,12.0,0.9,1.9,13.2,20.5,2.6,2.0,4.6,.130,0.9,0.1,1.0,1.3,2023
Michael Carter-Williams,PG,31,ORL,4,44,9.0,.498,.214,.500,2.6,10.3,6.4,22.6,1.1,2.2,19.0,20.6,0.0,0.0,0.0,-0.003,-5.1,-1.2,-6.3,0.0,2023
Alex Caruso,PG,28,CHI,67,1575,11.5,.588,.528,.255,3.1,10.9,7.1,15.4,3.0,2.8,19.5,11.1,1.0,2.6,3.6,.109,-2.2,3.3,1.1,1.2,2023
Julian Champagnie,SF,21,TOT,17,320,13.4,.600,.631,.131,3.3,17.7,10.2,4.5,0.9,1.3,7.4,19.2,0.3,0.1,0.4,.061,-0.6,-2.7,-3.3,-0.1,2023
Julian Champagnie,SF,21,PHI,2,7,-3.8,.000,.500,.000,0.0,0.0,0.0,0.0,7.1,0.0,0.0,12.8,0.0,0.0,0.0,-0.214,-12.0,-1.5,-13.5,0.0,2023
Julian Champagnie,SF,21,SAS,15,313,13.8,.609,.633,.133,3.4,18.1,10.5,4.6,0.8,1.3,7.5,19.3,0.3,0.1,0.4,.067,-0.3,-2.7,-3.0,-0.1,2023
Justin Champagnie,SF,21,TOT,5,34,10.3,.367,.333,.000,9.6,17.1,13.1,16.3,1.4,0.0,0.0,19.2,0.0,0.0,0.0,.009,-5.1,-2.8,-7.9,-0.1,2023
Justin Champagnie,SF,21,TOR,3,11,28.9,1.000,.000,.000,9.6,33.3,20.6,15.3,0.0,0.0,0.0,11.6,0.1,0.0,0.1,.332,6.1,1.9,8.1,0.0,2023
Justin Champagnie,SF,21,BOS,2,23,1.5,.208,.417,.000,9.6,9.3,9.5,16.7,2.1,0.0,0.0,22.8,-0.1,0.0,-0.1,-0.145,-10.5,-5.1,-15.5,-0.1,2023
Kennedy Chandler,PG,20,MEM,36,281,10.6,.440,.181,.157,3.4,10.9,7.2,26.4,2.0,1.6,16.9,15.8,-0.1,0.4,0.3,.044,-3.3,0.6,-2.7,0.0,2023
Max Christie,SG,19,LAL,41,512,7.4,.566,.585,.151,1.5,13.8,7.8,5.1,0.8,1.2,10.3,10.4,0.1,0.5,0.6,.058,-3.2,0.0,-3.1,-0.1,2023
Josh Christopher,SG,21,HOU,64,786,11.5,.523,.271,.182,2.8,7.2,5.0,14.3,2.0,1.9,14.4,21.9,-0.3,0.3,0.0,-0.001,-3.0,-1.4,-4.3,-0.5,2023
Brandon Clarke,PF,26,MEM,56,1090,20.0,.682,.017,.393,9.0,21.2,15.1,9.5,1.5,3.1,11.8,17.7,2.7,1.8,4.5,.199,0.8,1.8,2.5,1.3,2023
Jordan Clarkson,SG,30,UTA,61,1988,14.7,.558,.445,.238,4.0,9.3,6.7,20.9,0.8,0.6,14.0,27.8,0.9,0.8,1.7,.042,1.0,-2.4,-1.4,0.3,2023
Nic Claxton,C,23,BRK,76,2271,20.8,.691,.003,.419,9.3,25.1,17.4,9.3,1.4,7.1,12.1,15.4,5.2,4.0,9.2,.195,0.9,2.2,3.1,2.9,2023
Amir Coffey,SF,25,LAC,50,625,7.0,.498,.276,.434,3.1,6.4,4.7,11.2,0.5,0.7,10.8,13.5,0.1,0.3,0.4,.033,-4.3,-0.7,-5.0,-0.5,2023
John Collins,PF,25,ATL,71,2130,13.6,.593,.339,.252,3.9,20.0,11.9,5.3,0.9,2.9,9.1,17.1,2.1,2.1,4.2,.095,-1.4,0.2,-1.3,0.4,2023
Zach Collins,C,25,SAS,63,1441,16.4,.599,.268,.259,8.5,22.5,15.2,18.0,1.2,2.8,17.4,21.2,1.2,1.0,2.2,.074,-0.5,0.3,-0.2,0.6,2023
Chance Comanche,C,26,POR,1,21,12.2,.518,.000,.800,10.9,5.5,8.2,0.0,0.0,4.2,0.0,14.0,0.0,0.0,0.0,.043,-2.6,-4.9,-7.5,0.0,2023
Mike Conley,PG,35,TOT,67,2029,14.7,.583,.575,.277,1.8,7.9,4.9,29.4,1.7,0.6,13.1,16.3,4.1,1.4,5.5,.130,1.0,-0.1,0.9,1.5,2023
Mike Conley,PG,35,UTA,43,1276,13.9,.552,.568,.256,1.5,7.5,4.5,34.0,1.6,0.7,15.1,16.1,2.2,0.8,3.0,.113,0.7,-0.5,0.2,0.7,2023
Mike Conley,PG,35,MIN,24,753,16.1,.631,.587,.311,2.4,8.6,5.6,21.5,1.8,0.5,9.8,16.8,1.8,0.7,2.5,.158,1.5,0.6,2.0,0.7,2023
Pat Connaughton,SF,30,MIL,61,1443,10.0,.531,.765,.097,3.8,16.2,10.2,6.9,1.2,0.6,7.0,13.8,0.7,1.8,2.5,.085,-1.3,0.3,-1.0,0.3,2023
,,,,,,,,,,,,,,,,,,,,,,,,,,2023
Xavier Cooks,PF,27,WAS,10,126,14.3,.586,.036,.357,14.7,18.7,16.8,6.4,2.3,2.7,19.8,13.9,0.1,0.2,0.2,.094,-3.2,-0.4,-3.6,-0.1,2023
Robert Covington,PF,32,LAC,48,779,14.2,.584,.594,.175,4.5,19.2,11.9,10.2,2.4,3.7,11.5,15.6,0.7,1.2,1.9,.117,-0.5,2.1,1.7,0.7,2023
Torrey Craig,PF,32,PHO,79,1948,11.6,.566,.506,.090,8.1,16.3,12.1,7.9,1.3,2.9,12.3,13.0,1.5,2.5,4.0,.098,-1.3,0.7,-0.6,0.7,2023
Jae Crowder,PF,32,MIL,18,340,14.6,.624,.585,.128,5.4,15.3,10.6,10.6,1.7,1.4,6.6,13.2,0.7,0.5,1.2,.165,0.1,1.1,1.2,0.3,2023
Jarrett Culver,SF,23,ATL,10,137,9.5,.452,.279,.302,7.9,22.6,15.2,5.5,2.1,1.2,12.6,17.1,-0.1,0.2,0.0,.014,-4.8,0.6,-4.2,-0.1,2023
Cade Cunningham,PG,21,DET,12,400,14.0,.492,.272,.192,3.2,17.7,10.3,30.7,1.2,1.5,13.8,30.0,-0.4,0.2,-0.1,-0.018,-0.1,-0.6,-0.7,0.1,2023
Seth Curry,SG,32,BRK,61,1211,12.3,.593,.517,.122,1.2,7.9,4.6,11.9,1.5,0.5,9.7,19.2,0.9,0.9,1.8,.070,-1.2,-0.9,-2.1,0.0,2023
Stephen Curry,PG,34,GSW,56,1941,24.1,.656,.564,.248,2.3,16.8,9.7,30.0,1.3,0.9,12.5,31.0,5.8,2.0,7.8,.192,7.5,0.1,7.5,4.7,2023
Dyson Daniels,PG,19,NOP,59,1042,8.8,.503,.413,.192,3.9,16.5,10.2,16.4,2.0,1.0,20.2,11.6,-0.1,1.4,1.3,.061,-3.4,1.6,-1.8,0.0,2023
Anthony Davis,C,29,LAL,56,1904,27.8,.627,.077,.462,11.3,27.6,19.7,13.0,1.5,5.1,9.5,28.4,5.5,3.4,9.0,.226,4.6,1.7,6.3,4.0,2023
Johnny Davis,SG,20,WAS,28,423,7.2,.446,.409,.158,2.7,13.9,8.5,9.2,1.2,1.6,8.5,20.5,-0.6,0.3,-0.3,-0.033,-5.8,-1.7,-7.4,-0.6,2023
Terence Davis,SG,25,SAC,64,841,12.9,.563,.668,.118,2.7,16.1,9.4,11.1,2.4,1.2,12.2,22.2,0.0,0.9,0.9,.054,-1.3,-0.3,-1.5,0.1,2023
JD Davison,SG,20,BOS,12,66,10.1,.478,.368,.105,3.4,11.4,7.4,22.4,1.5,2.6,16.8,15.8,0.0,0.1,0.1,.059,-4.5,0.4,-4.2,0.0,2023
Darius Days,SF,23,HOU,4,25,18.3,.582,.833,.167,4.3,22.2,13.2,6.2,0.0,3.9,0.0,21.4,0.1,0.0,0.1,.156,4.7,-1.2,3.5,0.0,2023
Dewayne Dedmon,C,33,TOT,38,426,15.5,.577,.258,.325,9.1,28.3,18.5,9.5,1.1,4.4,12.7,20.6,0.3,0.7,1.0,.115,-2.6,1.0,-1.6,0.0,2023
Dewayne Dedmon,C,33,MIA,30,350,15.6,.576,.287,.341,9.1,28.1,18.2,7.3,1.0,4.1,11.4,21.2,0.3,0.5,0.8,.115,-2.4,0.6,-1.8,0.0,2023
Dewayne Dedmon,C,33,PHI,8,76,15.5,.579,.091,.227,9.5,29.0,19.4,19.6,1.3,6.1,19.9,17.8,0.0,0.1,0.2,.113,-3.5,2.8,-0.7,0.0,2023
Matthew Dellavedova,PG,32,SAC,32,213,6.7,.443,.540,.140,0.5,6.4,3.5,23.4,1.6,0.0,15.9,12.7,0.0,0.1,0.1,.021,-4.4,-0.8,-5.2,-0.2,2023
DeMar DeRozan,SF,33,CHI,74,2682,20.6,.592,.109,.401,1.5,12.8,7.2,22.3,1.5,1.3,9.1,27.8,5.4,3.2,8.5,.153,1.7,0.3,2.0,2.6,2023
Moussa Diabaté,C,21,LAC,22,195,14.2,.546,.043,.340,18.0,10.8,14.4,2.8,1.8,3.6,14.3,14.1,0.2,0.2,0.4,.105,-1.9,-0.8,-2.8,0.0,2023
Mamadi Diakite,C,26,CLE,22,176,9.0,.560,.420,.040,5.4,14.7,10.0,6.3,1.1,4.7,19.1,16.0,-0.1,0.3,0.2,.051,-4.9,1.6,-3.4,-0.1,2023
Hamidou Diallo,SF,24,DET,56,996,15.7,.593,.056,.395,6.2,15.7,10.8,9.2,2.6,1.4,13.9,21.8,0.4,0.9,1.3,.063,-1.8,0.4,-1.4,0.1,2023
,,,,,,,,,,,,,,,,,,,,,,,,,,2023
Gorgui Dieng,C,33,SAS,31,358,9.9,.493,.641,.111,7.9,25.4,16.3,19.4,0.5,3.2,20.7,17.9,-0.2,0.2,0.0,.001,-4.0,0.1,-3.9,-0.2,2023
Ousmane Dieng,PF,19,OKC,39,569,9.3,.505,.541,.127,3.5,16.5,9.9,10.7,1.2,1.1,12.0,15.9,-0.1,0.6,0.4,.038,-3.1,-0.5,-3.6,-0.2,2023
Spencer Dinwiddie,SG-PG,29,TOT,79,2725,16.0,.573,.467,.314,1.2,10.2,5.7,28.1,1.2,0.8,10.8,22.1,4.5,1.8,6.3,.111,1.6,-0.9,0.7,1.8,2023
Spencer Dinwiddie,SG,29,DAL,53,1808,16.1,.599,.491,.298,1.2,9.4,5.2,23.8,1.1,0.8,10.3,21.9,3.3,1.0,4.3,.114,2.0,-1.2,0.9,1.3,2023
Spencer Dinwiddie,PG,29,BRK,26,917,15.8,.523,.419,.346,1.1,11.7,6.6,36.5,1.5,0.7,11.8,22.5,1.2,0.8,2.0,.103,0.7,-0.5,0.2,0.5,2023
Donte DiVincenzo,SG,26,GSW,72,1894,12.8,.593,.700,.131,4.7,14.0,9.4,17.3,2.4,0.5,16.4,15.1,1.9,2.3,4.2,.106,-0.6,1.3,0.7,1.3,2023
Luka Dončić,PG,23,DAL,66,2391,28.7,.609,.373,.479,2.6,25.4,13.8,42.3,1.9,1.2,11.9,37.6,7.3,2.9,10.2,.204,7.6,1.4,8.9,6.6,2023
Tyler Dorsey,SF,26,DAL,3,8,45.5,.900,.400,.000,14.4,14.7,14.5,0.0,0.0,0.0,0.0,28.3,0.1,0.0,0.1,.367,17.0,0.8,17.8,0.0,2023
Luguentz Dort,SF,23,OKC,74,2272,11.3,.513,.468,.297,5.9,10.4,8.1,9.2,1.6,0.9,8.5,19.8,0.9,2.1,2.9,.062,-2.0,-1.0,-3.0,-0.6,2023
Ayo Dosunmu,SG,23,CHI,80,2098,10.2,.567,.332,.144,2.5,9.3,5.9,13.2,1.4,1.2,14.0,14.9,0.7,2.2,2.9,.067,-3.0,0.6,-2.5,-0.2,2023
Devon Dotson,PG,23,WAS,6,53,4.8,.150,.400,.000,13.1,8.1,10.5,17.6,4.6,0.0,23.1,10.7,-0.1,0.1,0.0,-0.025,-7.0,1.8,-5.3,0.0,2023
Jeff Dowtin,PG,25,TOR,25,259,9.9,.500,.281,.158,2.4,8.0,5.0,15.5,1.7,1.1,7.6,10.9,0.2,0.2,0.4,.076,-2.8,0.9,-1.9,0.0,2023
PJ Dozier,SF,26,SAC,16,79,5.2,.333,.485,.000,1.5,18.7,10.1,16.3,3.6,1.1,13.2,20.6,-0.3,0.1,-0.2,-0.097,-8.6,0.7,-7.8,-0.1,2023
Goran Dragić,PG,36,TOT,58,870,10.3,.514,.433,.134,2.1,8.2,5.2,24.3,0.7,0.4,15.1,21.1,-0.3,0.7,0.4,.025,-2.1,-1.8,-3.9,-0.4,2023
Goran Dragić,PG,36,CHI,51,787,10.2,.514,.428,.137,1.9,7.9,5.0,24.7,0.7,0.5,15.0,21.0,-0.2,0.6,0.4,.023,-2.1,-1.6,-3.7,-0.3,2023
Goran Dragić,PG,36,MIL,7,83,11.4,.516,.472,.111,3.9,10.9,7.5,20.2,1.2,0.0,15.6,22.7,0.0,0.1,0.1,.037,-2.3,-2.9,-5.2,-0.1,2023
Andre Drummond,C,29,CHI,67,849,20.8,.606,.011,.456,18.7,40.2,29.6,5.7,2.6,3.1,18.6,21.0,0.8,2.0,2.8,.159,-1.2,0.5,-0.8,0.3,2023
Chris Duarte,SF,25,IND,46,897,8.6,.496,.523,.216,2.4,11.9,7.1,9.7,1.3,0.9,10.1,19.0,-0.5,0.4,0.0,-0.003,-2.9,-1.6,-4.5,-0.6,2023
David Duke Jr.,SG,23,BRK,23,228,8.3,.497,.154,.218,5.5,8.7,7.1,13.1,2.1,0.4,17.4,20.1,-0.3,0.2,-0.1,-0.011,-6.3,-1.0,-7.3,-0.3,2023
Kris Dunn,PG,28,UTA,22,568,19.1,.606,.167,.245,1.7,17.1,9.5,32.3,2.1,1.5,12.8,20.2,1.3,0.6,1.9,.162,0.7,1.7,2.4,0.6,2023
Kevin Durant,PF,34,TOT,47,1672,25.9,.677,.267,.387,1.2,19.5,10.5,24.5,1.0,3.4,13.4,30.7,4.7,2.1,6.8,.194,6.0,1.2,7.1,3.9,2023
Kevin Durant,PF,34,BRK,39,1403,26.2,.673,.257,.390,1.1,19.4,10.5,25.9,1.1,3.5,13.7,31.5,3.9,1.7,5.7,.194,5.8,1.2,7.0,3.2,2023
Kevin Durant,PF,34,PHO,8,269,24.3,.697,.320,.375,1.2,20.2,10.5,17.3,0.4,3.3,11.8,26.8,0.8,0.3,1.1,.196,7.1,0.9,8.0,0.7,2023
Jalen Duren,C,19,DET,67,1670,17.3,.655,.005,.394,14.7,25.1,19.7,6.8,1.3,3.1,16.5,14.3,2.9,1.6,4.5,.129,-0.4,-0.4,-0.8,0.5,2023
Tari Eason,PF,21,HOU,82,1767,15.2,.525,.261,.220,12.0,18.9,15.4,7.4,2.6,2.6,12.2,19.3,0.9,1.7,2.6,.070,-1.3,-0.4,-1.7,0.1,2023
Anthony Edwards,SG,21,MIN,79,2842,17.4,.564,.375,.274,1.9,15.9,9.0,19.3,2.1,1.8,13.0,29.9,0.2,3.6,3.8,.064,1.0,0.0,1.0,2.1,2023
,,,,,,,,,,,,,,,,,,,,,,,,,,2023
Kessler Edwards,SF,22,TOT,36,385,8.4,.502,.591,.161,6.9,11.1,9.0,7.5,1.7,1.4,11.5,12.7,0.1,0.3,0.4,.048,-3.2,-0.7,-3.9,-0.2,2023
Kessler Edwards,SF,22,BRK,14,79,2.4,.301,.500,.083,8.7,11.1,10.0,3.2,1.9,1.1,13.9,16.2,-0.3,0.1,-0.2,-0.108,-6.7,-3.0,-9.7,-0.2,2023
Kessler Edwards,SF,22,SAC,22,306,10.0,.569,.623,.188,6.4,11.1,8.8,8.5,1.7,1.4,10.8,11.7,0.3,0.2,0.6,.088,-2.3,-0.1,-2.5,0.0,2023
Keon Ellis,SG,23,SAC,16,71,14.0,.629,.750,.438,6.5,6.4,6.4,10.5,3.4,1.2,5.0,12.1,0.2,0.1,0.2,.162,-0.1,1.4,1.3,0.1,2023
Joel Embiid,C,28,PHI,66,2284,31.4,.655,.151,.581,5.9,28.3,17.3,22.9,1.4,4.6,11.9,37.0,8.4,3.9,12.3,.259,6.8,2.3,9.2,6.4,2023
Drew Eubanks,C,25,POR,78,1584,16.2,.666,.054,.374,9.5,20.9,15.2,9.2,1.2,5.7,14.7,12.5,2.9,1.6,4.4,.134,-0.9,0.9,0.1,0.8,2023
Bruno Fernando,C,24,TOT,39,405,16.6,.571,.036,.446,14.5,22.8,18.6,10.8,0.7,8.1,15.7,16.3,0.5,0.4,0.9,.109,-2.8,0.7,-2.0,0.0,2023
Bruno Fernando,C,24,HOU,31,364,16.1,.561,.011,.473,14.3,22.6,18.4,11.6,0.8,8.3,15.1,15.1,0.5,0.4,0.8,.111,-2.8,1.1,-1.7,0.0,2023
Bruno Fernando,C,24,ATL,8,41,20.1,.624,.158,.316,15.8,24.3,20.0,3.7,0.0,6.2,18.8,27.3,0.0,0.0,0.1,.086,-2.6,-2.4,-5.0,0.0,2023
Dorian Finney-Smith,PF,29,TOT,66,2009,9.2,.523,.675,.118,6.5,11.5,9.0,6.7,1.4,1.6,10.5,13.2,0.6,1.6,2.1,.051,-1.7,-0.3,-2.0,0.0,2023
Dorian Finney-Smith,PF,29,DAL,40,1288,10.0,.557,.700,.129,6.0,11.1,8.5,6.3,1.5,1.4,9.9,12.8,0.8,0.9,1.7,.065,-0.9,-0.2,-1.1,0.3,2023
Dorian Finney-Smith,PF,29,BRK,26,721,7.7,.466,.634,.099,7.5,12.3,10.0,7.4,1.2,1.9,11.5,13.9,-0.3,0.7,0.4,.027,-3.3,-0.4,-3.7,-0.3,2023
Malachi Flynn,PG,24,TOR,53,691,8.7,.479,.550,.136,2.3,10.8,6.2,13.7,1.5,0.6,8.9,17.4,0.0,0.5,0.5,.034,-3.3,-0.8,-4.1,-0.4,2023
Simone Fontecchio,SF,27,UTA,52,766,8.0,.495,.612,.141,4.4,7.7,6.1,7.5,0.9,0.9,10.5,20.2,-0.4,0.3,-0.1,-0.004,-3.0,-2.1,-5.2,-0.6,2023
Bryn Forbes,SG,29,MIN,25,268,6.2,.497,.554,.181,1.7,4.5,3.1,8.2,1.2,0.7,11.8,16.2,-0.2,0.2,0.0,.000,-4.8,-1.5,-6.3,-0.3,2023
Trent Forrest,SG,24,ATL,23,277,6.1,.424,.033,.050,2.0,12.8,7.3,16.5,1.2,0.6,19.7,11.6,-0.2,0.2,-0.1,-0.011,-5.3,0.2,-5.1,-0.2,2023
Michael Foster Jr.,PF,20,PHI,1,1,0.0,,,,0.0,0.0,0.0,0.0,0.0,0.0,,0.0,0.0,0.0,0.0,.010,-7.2,-1.9,-9.2,0.0,2023
Evan Fournier,SG,30,NYK,27,459,6.9,.471,.687,.127,1.0,10.8,5.9,10.6,1.7,0.6,11.2,18.4,-0.3,0.4,0.1,.010,-4.0,0.0,-4.0,-0.2,2023
De'Aaron Fox,PG,25,SAC,73,2435,21.8,.599,.276,.331,1.9,12.4,7.2,29.6,1.6,0.8,10.6,30.1,5.5,1.8,7.4,.146,3.4,-0.9,2.5,2.7,2023
Markelle Fultz,PG,24,ORL,60,1778,16.6,.564,.128,.211,4.4,10.5,7.4,29.8,2.4,1.4,15.8,21.3,1.7,2.0,3.7,.100,-0.1,0.7,0.5,1.2,2023
Wenyen Gabriel,C,25,LAL,68,1024,14.4,.626,.138,.323,12.6,17.2,15.0,4.8,1.2,2.9,13.4,14.1,1.5,1.3,2.8,.132,-2.3,0.1,-2.2,-0.1,2023
Daniel Gafford,C,24,WAS,78,1604,19.7,.739,.000,.473,11.7,18.0,15.0,7.5,1.0,5.2,15.1,15.2,4.2,1.9,6.1,.184,0.4,0.6,1.0,1.2,2023
Darius Garland,PG,23,CLE,69,2447,18.8,.587,.365,.284,1.3,7.6,4.5,34.1,1.7,0.3,13.5,26.9,4.5,3.0,7.6,.148,3.2,-0.7,2.4,2.7,2023
Usman Garuba,C,20,HOU,75,970,12.9,.569,.333,.266,13.4,21.4,17.4,8.8,2.2,2.9,19.2,10.5,0.9,0.9,1.8,.091,-2.0,0.6,-1.4,0.2,2023
Luka Garza,C,24,MIN,28,243,23.0,.652,.336,.448,15.5,13.5,14.5,11.8,0.6,0.7,9.2,26.9,0.9,0.2,1.1,.211,2.2,-2.6,-0.4,0.1,2023
Rudy Gay,PF,36,UTA,56,816,9.0,.475,.453,.171,4.4,17.0,10.8,9.4,1.1,1.9,10.7,17.7,-0.4,0.7,0.3,.018,-3.6,-0.4,-4.0,-0.4,2023
,,,,,,,,,,,,,,,,,,,,,,,,,,2023
Paul George,SF,32,LAC,56,1939,19.6,.588,.424,.293,2.6,17.0,9.9,24.2,2.1,0.9,13.4,29.5,2.3,2.3,4.6,.114,2.4,0.3,2.8,2.3,2023
Taj Gibson,C,37,WAS,49,480,11.4,.585,.192,.336,7.7,13.6,10.8,9.6,1.5,2.1,15.3,15.3,0.4,0.5,0.8,.082,-3.6,0.5,-3.2,-0.1,2023
Josh Giddey,PF,20,OKC,76,2367,17.1,.533,.209,.130,6.6,20.9,13.6,29.9,1.1,1.2,15.1,24.6,1.3,2.7,4.0,.081,1.5,-0.3,1.2,1.9,2023
Shai Gilgeous-Alexander,PG,24,OKC,68,2416,27.2,.626,.122,.535,2.6,12.2,7.3,25.7,2.2,2.5,10.1,32.8,8.4,3.0,11.4,.226,5.7,1.5,7.3,5.6,2023
Anthony Gill,PF,30,WAS,59,624,11.1,.604,.220,.508,6.9,10.6,8.8,7.2,0.5,1.6,8.5,12.3,1.0,0.4,1.3,.101,-2.4,-0.9,-3.3,-0.2,2023
Jacob Gilyard,PG,24,MEM,1,41,7.3,.500,1.000,.000,0.0,10.3,5.2,19.4,3.5,0.0,40.0,5.1,0.0,0.1,0.1,.079,-7.8,1.7,-6.1,0.0,2023
Rudy Gobert,C,30,MIN,70,2148,18.9,.675,.005,.623,12.2,29.8,21.2,5.6,1.2,3.9,14.9,16.3,4.3,3.5,7.8,.174,0.0,0.7,0.7,1.4,2023
Jordan Goodwin,PG,24,WAS,62,1106,14.8,.531,.334,.195,6.0,14.3,10.3,20.8,2.6,2.0,12.9,17.3,0.9,1.3,2.2,.097,-0.7,1.4,0.7,0.8,2023
Aaron Gordon,PF,27,DEN,68,2055,19.5,.617,.227,.413,9.4,15.4,12.5,14.2,1.3,2.2,9.8,21.1,4.6,2.2,6.8,.158,2.4,-0.3,2.1,2.1,2023
Eric Gordon,SG,34,TOT,69,1965,11.8,.587,.545,.265,0.9,6.7,3.8,13.4,1.1,1.2,12.5,17.8,1.8,0.5,2.3,.056,-0.5,-1.4,-1.9,0.1,2023
Eric Gordon,SG,34,HOU,47,1418,11.4,.572,.513,.282,0.9,6.7,3.8,13.8,1.0,1.2,13.4,18.1,1.0,0.1,1.1,.037,-0.9,-1.7,-2.6,-0.2,2023
Eric Gordon,SG,34,LAC,22,547,13.1,.629,.634,.217,0.8,6.7,3.8,12.2,1.2,1.3,9.9,17.0,0.8,0.4,1.2,.105,0.5,-0.5,0.0,0.3,2023
Devonte' Graham,PG,27,TOT,73,1338,12.5,.552,.784,.304,1.6,8.7,5.1,19.4,1.6,1.1,9.8,17.1,1.5,1.0,2.5,.091,0.1,-0.2,-0.1,0.6,2023
Devonte' Graham,PG,27,NOP,53,811,11.8,.545,.823,.255,1.7,8.4,5.0,18.7,1.8,1.2,9.5,15.0,0.9,0.9,1.8,.105,-0.4,0.6,0.2,0.4,2023
Devonte' Graham,PG,27,SAS,20,527,13.6,.559,.740,.360,1.4,9.3,5.2,20.4,1.3,0.9,10.1,20.2,0.6,0.1,0.8,.069,1.0,-1.4,-0.4,0.2,2023
Jerami Grant,PF,28,POR,63,2246,16.0,.606,.393,.375,2.7,11.9,7.2,10.3,1.1,2.1,9.8,22.8,3.1,1.0,4.1,.087,1.2,-1.4,-0.2,1.0,2023
RaiQuan Gray,PF,23,BRK,1,35,15.5,.621,.417,.167,9.9,18.8,14.4,29.0,0.0,2.4,23.7,21.4,0.0,0.0,0.1,.106,-0.6,-1.4,-2.0,0.0,2023
A.J. Green,SG,23,MIL,35,345,11.5,.607,.840,.032,1.9,11.3,6.8,8.7,0.8,0.0,6.6,16.6,0.5,0.3,0.8,.111,-0.3,-0.6,-0.9,0.1,2023
Danny Green,SG,35,TOT,11,138,10.8,.617,.755,.020,2.5,9.1,5.8,6.1,2.2,2.0,16.8,18.9,0.0,0.2,0.2,.059,-2.1,0.2,-1.9,0.0,2023
Danny Green,SG,35,MEM,3,43,-0.2,.409,.727,.000,2.5,7.4,4.9,5.6,1.1,0.0,21.4,13.5,-0.1,0.0,-0.1,-0.061,-7.9,-0.9,-8.8,-0.1,2023
Danny Green,SG,35,CLE,8,95,15.8,.676,.763,.026,2.5,9.9,6.2,6.4,2.6,2.9,15.4,21.4,0.1,0.2,0.2,.114,0.5,0.7,1.2,0.1,2023
Draymond Green,PF,32,GSW,73,2297,12.2,.592,.276,.228,3.2,21.6,12.6,27.8,1.5,2.3,28.1,13.2,1.6,3.1,4.7,.098,-1.8,2.6,0.8,1.6,2023
Jalen Green,SG,20,HOU,76,2602,14.5,.538,.408,.341,1.8,10.3,6.0,17.3,1.1,0.7,11.3,28.1,1.4,0.5,1.8,.034,0.5,-2.6,-2.1,0.0,2023
JaMychal Green,PF,32,GSW,57,797,15.5,.650,.440,.266,10.1,18.0,14.1,8.9,1.5,2.5,15.6,17.5,1.2,1.0,2.2,.133,-0.7,0.2,-0.5,0.3,2023
Javonte Green,SF,29,CHI,32,480,14.5,.646,.324,.417,6.5,14.2,10.4,6.4,2.4,4.2,13.5,13.6,0.6,0.8,1.4,.142,-1.1,2.5,1.4,0.4,2023
Jeff Green,PF,36,DEN,56,1091,11.0,.576,.317,.357,4.1,10.9,7.6,8.3,0.8,1.4,10.8,17.0,0.8,0.8,1.7,.074,-2.4,-1.0,-3.4,-0.4,2023
,,,,,,,,,,,,,,,,,,,,,,,,,,2023
Josh Green,SG,22,DAL,60,1539,11.2,.645,.442,.246,4.1,9.7,6.9,9.7,1.4,0.3,14.5,14.6,1.7,0.9,2.6,.082,-1.9,-0.6,-2.4,-0.2,2023
AJ Griffin,SF,19,ATL,72,1401,12.6,.577,.486,.088,2.9,9.2,6.0,7.0,1.4,0.7,7.1,17.9,1.3,0.9,2.2,.075,-0.3,-0.5,-0.8,0.4,2023
Blake Griffin,C,33,BOS,41,569,13.1,.590,.508,.246,9.2,20.4,14.9,14.2,1.2,1.4,13.2,12.7,1.0,0.8,1.8,.153,-1.4,1.5,0.1,0.3,2023
Quentin Grimes,SG,22,NYK,71,2121,11.7,.619,.676,.163,2.5,9.4,5.9,9.7,1.1,1.2,9.7,14.4,3.2,1.6,4.8,.108,-0.3,0.1,-0.1,1.0,2023
Rui Hachimura,PF,24,TOT,63,1466,13.2,.556,.274,.204,4.1,16.5,10.5,5.8,0.6,1.5,7.7,20.2,0.6,1.3,1.8,.060,-1.3,-1.0,-2.2,-0.1,2023
Rui Hachimura,PF,24,WAS,30,728,13.6,.558,.275,.179,3.0,16.0,9.8,7.3,0.7,1.4,9.3,23.0,0.0,0.5,0.6,.038,-1.2,-1.4,-2.6,-0.1,2023
Rui Hachimura,PF,24,LAL,33,738,12.7,.553,.273,.235,5.1,17.0,11.2,4.4,0.5,1.6,5.6,17.4,0.5,0.7,1.2,.081,-1.4,-0.5,-1.9,0.0,2023
Tyrese Haliburton,PG,22,IND,56,1883,23.6,.624,.478,.239,1.9,10.1,6.0,47.6,2.3,1.1,13.2,23.8,6.4,1.2,7.6,.195,7.0,0.2,7.2,4.4,2023
Jordan Hall,SF,21,SAS,9,83,5.5,.438,.536,.321,3.8,12.3,7.9,17.0,0.6,0.0,18.0,19.4,-0.1,0.0,-0.1,-0.077,-4.7,-2.9,-7.6,-0.1,2023
R.J. Hampton,SG,21,TOT,47,750,10.8,.558,.489,.321,2.6,10.5,6.5,10.4,1.7,1.1,13.4,17.8,0.1,0.5,0.7,.042,-2.3,-0.6,-2.9,-0.2,2023
R.J. Hampton,SG,21,ORL,26,361,12.5,.572,.465,.325,2.8,9.4,6.1,13.4,2.1,1.1,13.9,18.0,0.2,0.4,0.6,.077,-1.5,0.3,-1.2,0.1,2023
R.J. Hampton,SG,21,DET,21,389,9.3,.546,.512,.317,2.5,11.5,6.8,7.5,1.4,1.1,13.0,17.6,-0.1,0.2,0.1,.010,-3.0,-1.4,-4.4,-0.2,2023
Tim Hardaway Jr.,SF,30,DAL,71,2152,12.1,.554,.649,.195,1.1,12.6,6.8,9.0,1.1,0.5,6.1,20.6,1.0,1.3,2.3,.051,-0.3,-1.5,-1.8,0.1,2023
James Harden,PG,33,PHI,58,2135,21.6,.607,.496,.429,2.3,17.1,9.8,43.3,1.6,1.4,16.3,25.0,5.8,2.6,8.4,.188,5.1,0.3,5.4,4.0,2023
Jaden Hardy,SG,20,DAL,48,708,14.6,.571,.468,.237,1.8,13.0,7.3,14.9,1.2,0.9,11.1,26.4,0.2,0.5,0.7,.048,-0.4,-1.9,-2.3,0.0,2023
Ron Harper Jr.,PF,22,TOR,9,48,15.7,.608,.563,.063,6.6,10.2,8.3,11.9,0.0,2.0,0.0,14.6,0.1,0.0,0.2,.158,2.4,-1.2,1.2,0.0,2023
Montrezl Harrell,C,29,PHI,57,681,17.6,.631,.029,.483,11.8,15.7,13.8,7.4,1.2,3.4,12.1,18.9,1.3,0.8,2.2,.153,-0.9,-0.4,-1.3,0.1,2023
Gary Harris,SG,28,ORL,48,1184,10.5,.620,.710,.098,2.0,7.4,4.7,6.9,1.8,1.0,8.0,12.6,1.3,1.1,2.3,.095,-1.4,0.7,-0.7,0.4,2023
Joe Harris,SF,31,BRK,74,1527,10.6,.621,.757,.064,1.7,10.1,6.0,9.1,1.1,0.7,8.3,14.3,1.5,1.1,2.6,.083,-0.6,-0.6,-1.1,0.3,2023
Kevon Harris,SG,25,ORL,34,457,9.2,.564,.402,.383,6.9,10.4,8.7,4.7,1.8,1.1,14.4,13.7,0.2,0.4,0.6,.065,-3.5,-0.1,-3.6,-0.2,2023
Tobias Harris,SF,30,PHI,74,2436,14.8,.602,.383,.153,3.3,17.0,10.3,11.4,1.4,1.5,9.0,18.2,3.1,2.8,5.9,.116,0.6,0.1,0.7,1.7,2023
Shaquille Harrison,SG,29,POR,5,120,17.9,.516,.278,.417,1.0,20.3,10.5,34.9,4.5,1.5,12.3,17.6,0.2,0.2,0.3,.137,-2.5,2.6,0.1,0.1,2023
Josh Hart,SF,27,TOT,76,2454,14.1,.622,.315,.338,6.5,21.0,13.7,16.1,1.8,0.8,16.4,12.6,3.8,2.2,6.0,.118,-0.2,1.1,0.9,1.8,2023
Josh Hart,SF,27,POR,51,1704,12.7,.586,.309,.328,6.4,21.9,14.1,16.0,1.5,0.5,16.0,12.6,2.0,1.2,3.2,.091,-0.9,0.7,-0.2,0.8,2023
Josh Hart,SF,27,NYK,25,750,17.1,.703,.331,.363,6.9,19.0,12.9,16.2,2.2,1.5,17.3,12.6,1.8,1.0,2.8,.179,1.4,2.0,3.4,1.0,2023
Isaiah Hartenstein,C,24,NYK,82,1626,14.2,.567,.113,.217,14.1,22.2,18.1,8.3,1.6,3.7,15.6,11.2,2.2,2.4,4.6,.136,-1.5,1.2,-0.3,0.7,2023
,,,,,,,,,,,,,,,,,,,,,,,,,,2023
Udonis Haslem,C,42,MIA,7,71,6.2,.433,.310,.172,6.4,12.0,9.1,0.0,0.7,2.9,3.1,20.1,-0.1,0.1,0.0,-0.009,-8.2,-3.9,-12.1,-0.2,2023
Sam Hauser,SF,25,BOS,80,1290,12.7,.634,.846,.043,3.0,14.1,8.6,7.6,1.1,1.4,6.9,14.7,1.8,1.6,3.4,.128,0.6,0.4,1.0,1.0,2023
Jaxson Hayes,C,22,NOP,47,610,13.7,.605,.186,.532,7.3,17.3,12.3,7.7,1.6,3.0,13.9,15.7,0.6,0.9,1.5,.118,-2.2,1.0,-1.2,0.1,2023
Killian Hayes,PG,21,DET,76,2154,10.2,.455,.351,.137,1.4,10.2,5.7,32.3,2.3,1.1,16.7,20.5,-1.9,1.4,-0.5,-0.012,-3.3,-0.5,-3.8,-1.0,2023
Gordon Hayward,SF,32,CHO,50,1577,13.5,.563,.275,.274,2.2,12.6,7.3,19.3,1.3,0.7,13.2,20.0,0.8,1.1,2.0,.059,-1.1,-0.3,-1.4,0.2,2023
Juancho Hernangómez,PF,27,TOR,42,614,7.6,.504,.588,.140,4.6,19.1,11.3,5.2,1.3,0.9,11.0,9.4,0.1,0.6,0.7,.053,-3.5,0.2,-3.3,-0.2,2023
Willy Hernangómez,C,28,NOP,38,458,20.7,.610,.065,.615,14.4,30.1,22.3,10.7,1.8,2.7,15.4,23.8,0.8,0.8,1.6,.171,-0.2,0.5,0.3,0.3,2023
Tyler Herro,SG,23,MIA,67,2337,15.3,.566,.484,.164,1.3,17.3,9.0,19.9,1.1,0.7,11.7,25.6,1.1,2.4,3.5,.072,1.5,-0.8,0.6,1.6,2023
Buddy Hield,SF,30,IND,80,2482,15.4,.614,.652,.124,3.0,14.9,8.9,13.3,1.8,0.9,11.3,20.8,2.7,1.6,4.4,.085,2.5,-0.6,1.9,2.4,2023
Haywood Highsmith,PF,26,MIA,54,969,8.5,.517,.505,.130,6.7,16.4,11.4,6.2,1.9,1.8,16.5,12.5,-0.3,1.3,0.9,.046,-3.7,0.7,-3.1,-0.3,2023
George Hill,PG-SG,36,TOT,46,834,10.6,.610,.572,.331,2.0,8.6,5.4,16.7,1.5,0.6,15.2,11.3,1.1,0.8,1.9,.107,-2.4,0.9,-1.5,0.1,2023
George Hill,PG,36,MIL,35,668,9.8,.575,.561,.348,2.1,8.1,5.2,16.8,1.4,0.4,15.1,11.3,0.7,0.7,1.4,.100,-2.8,1.2,-1.7,0.0,2023
George Hill,SG,36,IND,11,166,14.1,.751,.618,.265,1.3,10.7,6.0,16.7,2.0,1.6,15.6,11.4,0.4,0.1,0.5,.136,-0.6,0.0,-0.6,0.1,2023
Malcolm Hill,SF,27,CHI,5,9,15.4,.625,.750,.000,0.0,37.2,18.9,0.0,0.0,0.0,0.0,19.7,0.0,0.0,0.0,.125,1.6,0.8,2.4,0.0,2023
Aaron Holiday,PG,26,ATL,63,845,9.4,.528,.400,.145,3.2,6.4,4.8,13.0,2.1,1.2,13.3,13.4,0.3,0.6,0.9,.053,-2.9,0.9,-2.0,0.0,2023
Jrue Holiday,PG,32,MIL,67,2183,19.2,.586,.402,.173,3.9,12.0,8.1,34.4,1.7,0.9,15.2,25.0,3.9,2.8,6.7,.148,3.0,0.1,3.1,2.8,2023
Justin Holiday,SF,33,TOT,46,706,6.6,.494,.701,.039,0.8,8.1,4.4,7.5,1.3,2.3,9.6,14.1,-0.4,0.5,0.1,.008,-3.7,-0.1,-3.9,-0.3,2023
Justin Holiday,SF,33,ATL,28,411,6.1,.504,.696,.000,0.5,5.7,3.1,7.6,0.6,2.1,8.8,14.0,-0.1,0.2,0.1,.007,-3.1,-0.6,-3.7,-0.2,2023
Justin Holiday,SF,33,DAL,18,295,7.4,.479,.709,.101,1.2,11.6,6.3,7.5,2.4,2.7,10.8,14.2,-0.3,0.3,0.1,.009,-4.6,0.5,-4.1,-0.2,2023
Richaun Holmes,C,29,SAC,42,348,12.9,.668,.090,.213,9.6,16.6,13.1,3.5,0.4,2.8,12.6,13.7,0.6,0.3,0.8,.113,-2.0,-0.9,-2.9,-0.1,2023
Al Horford,C,36,BOS,63,1922,13.8,.631,.678,.044,4.2,17.7,11.1,13.2,0.8,2.7,7.0,11.9,3.6,2.7,6.3,.157,1.6,1.7,3.3,2.5,2023
Talen Horton-Tucker,SG,22,UTA,65,1313,13.7,.508,.331,.274,3.4,13.7,8.6,27.4,1.5,1.9,15.5,25.9,-0.3,1.1,0.8,.029,-1.1,-0.5,-1.6,0.2,2023
Danuel House Jr.,SF,29,PHI,56,807,9.4,.600,.558,.305,1.3,12.2,6.9,7.5,0.9,1.0,10.4,13.8,0.6,0.7,1.3,.075,-2.5,-0.5,-3.0,-0.2,2023
Caleb Houstan,SF,20,ORL,51,812,6.2,.508,.747,.099,4.7,9.1,6.9,4.9,0.7,0.8,8.7,11.0,0.1,0.5,0.7,.039,-3.1,-0.9,-4.0,-0.4,2023
,,,,,,,,,,,,,,,,,,,,,,,,,,2023
Trevor Hudgins,PG,23,HOU,5,28,4.2,.436,.889,.333,0.0,0.0,0.0,13.9,0.0,0.0,8.8,16.8,0.0,0.0,0.0,-0.035,-3.8,-4.7,-8.4,0.0,2023
Kevin Huerter,SG,24,SAC,75,2203,15.2,.617,.589,.151,2.2,10.8,6.5,14.1,1.7,1.0,9.5,19.9,3.3,1.7,4.9,.107,1.4,-0.3,1.0,1.7,2023
Jay Huff,C,24,WAS,7,95,22.3,.796,.480,.640,7.3,16.9,12.3,14.7,1.5,3.6,13.5,16.9,0.4,0.1,0.5,.261,2.8,1.2,4.0,0.1,2023
De'Andre Hunter,SF,25,ATL,67,2126,11.5,.563,.348,.252,2.3,12.4,7.3,6.0,0.8,0.7,8.2,19.7,1.4,1.2,2.5,.057,-1.9,-1.4,-3.3,-0.7,2023
Bones Hyland,PG,22,TOT,56,1085,14.9,.535,.552,.179,2.1,11.8,7.1,23.4,1.8,1.2,11.7,28.0,0.3,1.1,1.4,.062,0.4,-1.2,-0.8,0.3,2023
Bones Hyland,PG,22,DEN,42,820,14.5,.540,.555,.189,1.4,10.4,6.0,22.0,1.7,1.4,12.5,28.5,0.1,0.8,0.9,.051,0.6,-1.4,-0.8,0.3,2023
Bones Hyland,PG,22,LAC,14,265,16.4,.518,.540,.146,4.3,16.3,10.4,27.6,2.0,0.7,9.3,26.5,0.2,0.3,0.5,.094,-0.2,-0.7,-0.9,0.1,2023
Serge Ibaka,C,33,MIL,16,185,9.8,.553,.333,.241,8.8,15.7,12.4,2.9,0.5,3.1,15.6,16.1,0.0,0.2,0.2,.058,-4.6,0.0,-4.5,-0.1,2023
Andre Iguodala,PF,39,GSW,8,113,7.3,.521,.600,.200,3.0,13.4,8.3,20.3,1.7,2.3,35.5,9.4,0.0,0.1,0.1,.044,-4.3,1.7,-2.5,0.0,2023
Joe Ingles,SF,35,MIL,46,1044,10.7,.616,.819,.085,1.4,11.1,6.4,18.4,1.5,0.5,17.6,12.6,1.1,1.2,2.3,.107,-1.6,0.8,-0.7,0.3,2023
Brandon Ingram,SF,25,NOP,45,1538,19.2,.582,.196,.326,1.7,16.4,9.1,28.1,1.0,1.2,13.4,30.8,1.8,1.7,3.5,.108,2.2,-0.4,1.7,1.4,2023
Kyrie Irving,PG-SG,30,TOT,60,2241,22.4,.613,.412,.227,3.0,12.3,7.7,25.4,1.4,1.7,8.8,28.9,5.4,2.0,7.4,.159,4.8,-0.7,4.1,3.5,2023
Kyrie Irving,PG,30,BRK,40,1478,21.6,.604,.425,.219,3.0,12.3,7.8,24.1,1.4,1.9,9.2,29.7,2.9,1.4,4.3,.140,4.6,-0.8,3.8,2.2,2023
Kyrie Irving,SG,30,DAL,20,763,24.0,.634,.385,.245,3.2,12.2,7.6,27.8,1.6,1.4,8.0,27.4,2.5,0.6,3.1,.198,5.3,-0.4,4.9,1.3,2023
Jonathan Isaac,PF,25,ORL,11,124,20.3,.483,.283,.170,13.7,26.5,20.1,7.3,5.5,3.1,6.6,21.1,0.0,0.3,0.3,.130,1.0,3.0,4.0,0.2,2023
Jaden Ivey,SG,20,DET,74,2304,12.1,.528,.356,.362,3.4,10.7,6.9,26.2,1.3,0.7,17.2,25.4,-0.9,0.8,0.0,-0.001,-1.4,-1.9,-3.3,-0.7,2023
Frank Jackson,PG,24,UTA,1,5,-6.8,.000,.333,.000,21.9,21.3,21.6,22.7,0.0,0.0,0.0,25.1,0.0,0.0,0.0,-0.378,-12.5,-9.8,-22.2,0.0,2023
Isaiah Jackson,C,21,IND,63,1042,17.5,.595,.044,.459,12.1,18.0,15.0,7.0,1.4,7.7,11.8,17.4,1.5,1.2,2.7,.124,-1.7,0.9,-0.8,0.3,2023
Jaren Jackson Jr.,C,23,MEM,63,1787,21.6,.613,.343,.372,6.4,18.8,12.6,5.0,1.7,9.6,10.1,24.7,2.8,3.8,6.6,.177,0.7,2.0,2.8,2.2,2023
Justin Jackson,SF,27,BOS,23,107,6.3,.359,.741,.074,2.1,15.1,8.7,10.5,1.8,3.2,6.7,12.2,-0.1,0.2,0.1,.025,-4.2,1.6,-2.6,0.0,2023
Quenton Jackson,PG,24,WAS,9,135,12.2,.542,.286,.524,1.7,4.8,3.3,15.1,1.4,0.6,7.2,17.9,0.1,0.1,0.2,.078,-3.7,-1.5,-5.1,-0.1,2023
Reggie Jackson,PG,32,TOT,68,1657,10.0,.514,.450,.122,1.7,8.0,4.9,20.0,1.4,0.3,14.6,20.8,-0.6,1.2,0.6,.018,-2.9,-1.1,-3.9,-0.8,2023
Reggie Jackson,PG,32,LAC,52,1338,10.3,.523,.430,.129,1.9,7.8,4.9,19.8,1.4,0.3,15.1,20.8,-0.4,1.0,0.6,.020,-2.6,-1.0,-3.7,-0.6,2023
Reggie Jackson,PG,32,DEN,16,319,9.0,.476,.531,.094,1.1,8.8,5.0,20.9,1.4,0.3,12.5,20.8,-0.2,0.2,0.1,.008,-3.8,-1.3,-5.1,-0.3,2023
LeBron James,PF,38,LAL,55,1954,23.9,.583,.309,.268,3.7,20.8,12.5,33.5,1.2,1.4,11.6,33.3,3.2,2.4,5.6,.138,5.5,0.6,6.1,4.0,2023
Ty Jerome,SG,25,GSW,45,816,12.8,.594,.372,.169,1.0,9.4,5.3,22.1,1.3,0.5,10.3,14.9,1.4,0.7,2.1,.124,-1.1,0.3,-0.8,0.3,2023
,,,,,,,,,,,,,,,,,,,,,,,,,,2023
Isaiah Joe,SG,23,OKC,73,1395,14.5,.626,.776,.197,2.0,11.6,6.7,8.7,1.6,0.5,6.6,17.7,2.5,1.3,3.8,.131,1.3,-0.4,0.9,1.0,2023
Alize Johnson,PF,26,SAS,4,30,4.3,.509,.333,.333,7.0,30.3,18.2,4.2,1.6,0.0,36.8,15.0,-0.1,0.0,-0.1,-0.099,-7.4,-1.7,-9.1,-0.1,2023
Cameron Johnson,PF,26,TOT,42,1199,17.1,.617,.538,.253,3.2,14.0,8.6,9.6,2.0,1.0,6.6,20.6,2.1,1.4,3.5,.142,2.0,0.6,2.6,1.4,2023
Cameron Johnson,PF,26,PHO,17,429,17.4,.629,.572,.191,3.5,13.4,8.4,8.9,1.7,1.3,5.1,19.6,0.9,0.5,1.4,.161,3.2,0.6,3.8,0.6,2023
Cameron Johnson,PF,26,BRK,25,770,16.9,.610,.518,.289,3.0,14.3,8.8,10.0,2.2,0.9,7.4,21.1,1.2,0.9,2.1,.131,1.4,0.6,2.0,0.8,2023
Jalen Johnson,SF,21,ATL,70,1042,14.1,.554,.323,.242,5.3,24.6,14.8,10.4,1.7,2.8,10.3,16.0,0.8,1.3,2.1,.099,-1.2,1.5,0.3,0.6,2023
James Johnson,PF,35,IND,18,162,8.4,.486,.306,.163,2.7,17.8,10.3,12.6,2.1,3.2,13.2,15.7,-0.1,0.2,0.1,.017,-5.7,1.2,-4.4,-0.1,2023
Keldon Johnson,SF,23,SAS,63,2063,15.3,.551,.366,.294,2.9,14.4,8.4,13.7,1.1,0.4,9.6,27.9,0.7,0.5,1.3,.030,0.7,-2.5,-1.8,0.1,2023
Keon Johnson,SG,20,POR,40,416,9.0,.482,.455,.230,3.0,9.2,6.1,20.9,2.2,1.3,18.0,25.0,-0.7,0.2,-0.5,-0.057,-3.8,-1.6,-5.4,-0.4,2023
Stanley Johnson,SF,26,SAS,30,469,13.5,.625,.328,.320,4.9,17.7,11.1,19.0,1.6,1.1,19.2,15.2,0.5,0.3,0.7,.076,-0.8,-0.2,-1.0,0.1,2023
Nikola Jokić,C,27,DEN,69,2323,31.5,.701,.146,.406,8.5,31.3,20.2,46.6,1.8,1.8,17.0,27.2,11.2,3.8,14.9,.308,8.5,4.5,13.0,8.8,2023
Carlik Jones,PG,25,CHI,7,56,11.1,.540,.400,.533,2.1,8.0,5.1,13.9,1.7,0.0,9.7,16.2,0.0,0.1,0.1,.078,-2.8,0.4,-2.5,0.0,2023
Damian Jones,C,27,TOT,41,477,12.9,.719,.198,.337,9.7,17.7,13.8,4.1,0.8,3.7,18.9,10.7,0.7,0.5,1.2,.119,-2.0,0.3,-1.7,0.0,2023
Damian Jones,C,27,LAL,22,176,13.8,.600,.081,.541,11.3,21.8,16.7,2.9,0.8,5.8,16.4,13.2,0.2,0.3,0.4,.117,-2.6,0.7,-2.0,0.0,2023
Damian Jones,C,27,UTA,19,301,12.4,.821,.286,.184,8.7,15.2,12.0,4.8,0.8,2.5,20.9,9.3,0.5,0.2,0.8,.120,-1.7,0.2,-1.5,0.0,2023
Derrick Jones Jr.,PF,25,CHI,64,893,13.8,.597,.348,.365,7.7,11.6,9.7,5.1,1.6,4.0,8.6,14.5,1.2,1.2,2.4,.131,-1.2,0.8,-0.4,0.3,2023
Herbert Jones,PF,24,NOP,66,1951,12.1,.567,.333,.321,5.6,10.0,7.8,11.1,2.6,2.1,13.3,14.5,1.5,2.7,4.2,.104,-1.9,1.7,-0.3,0.8,2023
Kai Jones,C,22,CHO,46,550,10.8,.597,.158,.217,7.0,17.0,11.9,3.7,1.5,4.7,19.1,12.4,0.0,0.7,0.7,.062,-4.8,0.8,-4.0,-0.3,2023
Tre Jones,PG,23,SAS,68,1984,16.0,.534,.213,.231,3.0,10.8,6.7,31.5,2.1,0.4,11.8,19.3,2.6,0.8,3.4,.082,-0.2,-0.8,-1.0,0.5,2023
Tyus Jones,PG,26,MEM,80,1940,16.0,.546,.459,.141,1.5,9.4,5.5,28.8,2.0,0.3,8.9,17.7,3.4,2.3,5.7,.141,1.2,0.3,1.6,1.7,2023
DeAndre Jordan,C,34,DEN,39,586,14.7,.731,.009,.417,10.5,28.6,19.8,7.7,1.0,3.5,26.1,13.7,0.5,0.9,1.4,.112,-2.4,0.7,-1.8,0.0,2023
Cory Joseph,PG,31,DET,62,1227,12.1,.558,.513,.205,1.8,7.9,4.8,25.4,1.3,0.6,12.8,15.2,1.5,0.3,1.8,.070,-0.7,-0.8,-1.5,0.2,2023
Nikola Jović,PF,19,MIA,15,204,10.6,.530,.507,.275,5.0,13.1,8.9,7.3,1.7,1.0,11.4,19.0,0.0,0.2,0.2,.053,-3.4,0.0,-3.4,-0.1,2023
Johnny Juzang,SG,21,UTA,18,232,6.5,.411,.606,.038,3.8,14.3,9.1,4.7,0.8,1.1,2.8,19.6,-0.3,0.1,-0.2,-0.032,-4.3,-2.2,-6.5,-0.3,2023
,,,,,,,,,,,,,,,,,,,,,,,,,,2023
Mfiondu Kabengele,PF,25,BOS,4,36,8.1,.381,.429,.286,15.4,14.9,15.2,0.0,2.7,0.0,11.3,10.8,0.0,0.1,0.1,.067,-6.6,-2.4,-8.9,-0.1,2023
Frank Kaminsky,C,29,TOT,36,235,15.3,.635,.524,.254,3.2,21.2,12.1,17.8,1.2,1.6,11.4,14.1,0.5,0.2,0.7,.141,1.2,1.7,2.8,0.3,2023
Frank Kaminsky,C,29,ATL,26,176,14.9,.720,.523,.273,1.8,20.8,11.2,15.3,1.4,0.5,15.4,13.9,0.4,0.2,0.5,.148,0.7,1.8,2.6,0.2,2023
Frank Kaminsky,C,29,HOU,10,59,16.6,.434,.526,.211,7.4,22.6,14.9,25.2,0.8,5.0,0.0,14.6,0.1,0.0,0.2,.122,2.5,1.2,3.7,0.1,2023
Trevor Keels,SG,19,NYK,3,8,3.7,.375,1.000,.000,0.0,27.6,13.7,0.0,0.0,0.0,0.0,21.4,0.0,0.0,0.0,-0.062,-7.4,-5.6,-13.0,0.0,2023
Luke Kennard,SG,26,TOT,59,1315,13.0,.684,.704,.102,1.2,11.8,6.6,9.4,1.2,0.3,10.3,14.5,2.2,1.2,3.4,.124,0.6,-0.1,0.5,0.8,2023
Luke Kennard,SG,26,LAC,35,725,10.5,.623,.626,.095,0.9,11.8,6.4,7.1,1.3,0.5,12.0,15.0,0.5,0.6,1.1,.070,-1.4,0.0,-1.4,0.1,2023
Luke Kennard,SG,26,MEM,24,590,16.0,.758,.801,.111,1.6,11.8,6.7,12.1,1.0,0.2,8.2,13.7,1.7,0.6,2.3,.189,3.0,-0.2,2.9,0.7,2023
Walker Kessler,C,21,UTA,74,1703,21.5,.702,.007,.384,14.9,24.4,19.7,5.7,0.7,8.6,10.7,13.3,4.6,2.5,7.1,.200,1.4,1.5,2.9,2.1,2023
Braxton Key,SF,25,DET,3,9,18.6,1.064,.000,2.000,0.0,12.7,6.2,0.0,0.0,0.0,0.0,8.9,0.0,0.0,0.0,.242,2.1,0.8,2.9,0.0,2023
Louis King,PF,23,PHI,1,29,21.3,.744,.615,.077,8.3,8.0,8.1,12.2,1.7,0.0,13.0,23.8,0.1,0.0,0.1,.157,3.3,-1.0,2.3,0.0,2023
Corey Kispert,SF,23,WAS,74,2093,11.5,.657,.656,.150,1.8,8.9,5.5,5.7,0.7,0.4,8.1,14.1,2.9,0.9,3.8,.088,-0.1,-1.4,-1.5,0.2,2023
Maxi Kleber,PF,31,DAL,37,930,8.7,.592,.663,.225,3.7,13.3,8.4,7.5,0.6,2.9,12.7,10.3,0.7,0.6,1.3,.067,-2.2,0.0,-2.2,0.0,2023
Nathan Knight,C,25,MIN,38,291,14.5,.655,.272,.704,8.6,12.8,10.8,6.1,1.6,1.8,16.5,18.7,0.4,0.3,0.7,.116,-2.4,-0.8,-3.2,-0.1,2023
Kevin Knox,SF-PF,23,TOT,63,952,11.1,.579,.560,.181,3.9,17.3,10.5,5.2,1.2,1.1,12.2,18.4,0.2,0.5,0.7,.034,-2.1,-1.4,-3.5,-0.4,2023
Kevin Knox,SF,23,DET,42,593,10.3,.612,.648,.184,3.6,17.0,10.1,3.7,1.1,1.8,14.2,16.2,0.2,0.3,0.5,.043,-2.1,-0.6,-2.8,-0.1,2023
Kevin Knox,PF,23,POR,21,359,12.4,.540,.458,.176,4.4,17.7,11.0,7.7,1.4,0.0,9.8,22.1,0.0,0.2,0.1,.019,-2.0,-2.7,-4.6,-0.2,2023
Christian Koloko,C,22,TOR,58,802,11.4,.517,.080,.393,11.1,13.3,12.1,5.0,1.3,6.9,10.2,10.4,0.7,1.0,1.7,.104,-4.3,0.8,-3.5,-0.3,2023
John Konchar,SF,26,MEM,72,1494,10.8,.542,.553,.113,4.5,17.4,11.0,8.2,2.4,1.5,9.9,10.4,1.0,2.5,3.5,.111,-1.9,2.4,0.5,0.9,2023
Furkan Korkmaz,SG,25,PHI,37,353,9.3,.552,.414,.324,2.0,11.8,7.0,8.8,1.4,0.8,15.9,19.1,-0.2,0.3,0.1,.019,-3.3,-1.0,-4.4,-0.2,2023
Luke Kornet,C,27,BOS,69,804,16.7,.697,.076,.229,11.9,14.8,13.4,9.1,0.7,4.9,11.8,11.5,2.1,1.2,3.3,.198,-0.4,1.3,1.0,0.6,2023
Vit Krejci,PG,22,ATL,29,165,7.7,.475,.568,.054,3.9,13.4,8.6,12.4,1.4,0.5,11.7,10.9,0.0,0.1,0.1,.042,-4.2,0.6,-3.6,-0.1,2023
Jonathan Kuminga,PF,20,GSW,67,1394,13.3,.597,.294,.278,5.6,12.5,9.1,12.7,1.4,2.0,14.6,19.6,1.0,1.4,2.4,.084,-1.7,-0.1,-1.7,0.1,2023
Kyle Kuzma,PF,27,WAS,64,2239,14.3,.544,.421,.208,2.8,19.5,11.5,16.5,0.8,1.1,13.2,27.9,-1.0,1.9,0.9,.019,-0.2,-1.5,-1.7,0.2,2023
Anthony Lamb,SF,25,GSW,62,1195,10.9,.610,.634,.191,5.3,14.4,9.9,10.5,1.1,1.5,13.7,13.8,1.2,1.2,2.4,.096,-1.6,0.4,-1.1,0.3,2023
Jock Landale,C,27,PHO,69,979,16.4,.595,.249,.312,13.2,18.6,15.8,10.1,0.8,2.7,13.3,19.3,1.5,1.2,2.7,.132,-0.7,-0.4,-1.1,0.2,2023
,,,,,,,,,,,,,,,,,,,,,,,,,,2023
Romeo Langford,SG,23,SAS,43,844,10.4,.524,.236,.216,7.1,7.7,7.4,7.9,1.3,1.3,9.6,15.4,0.3,0.2,0.5,.029,-2.6,-1.5,-4.2,-0.5,2023
Jake LaRavia,PF,21,MEM,35,414,6.7,.531,.747,.095,4.9,11.3,8.1,6.2,1.4,0.9,15.4,11.7,0.0,0.5,0.5,.054,-3.9,0.4,-3.5,-0.2,2023
Zach LaVine,SG,27,CHI,77,2768,19.0,.607,.392,.308,1.7,12.2,7.1,18.7,1.2,0.6,11.0,28.3,4.2,2.9,7.1,.123,2.7,-0.7,1.9,2.7,2023
A.J. Lawson,SG,22,TOT,15,108,13.9,.589,.568,.182,6.4,16.3,11.3,3.0,0.9,0.0,5.9,21.1,0.1,0.1,0.1,.063,-1.5,-2.9,-4.4,-0.1,2023
A.J. Lawson,SG,22,MIN,1,2,34.4,1.000,.000,.000,0.0,54.9,27.9,0.0,0.0,0.0,0.0,21.4,0.0,0.0,0.0,.377,-2.3,7.5,5.2,0.0,2023
A.J. Lawson,SG,22,DAL,14,106,13.5,.580,.581,.186,6.5,15.5,11.0,3.0,0.9,0.0,6.1,21.1,0.1,0.1,0.1,.057,-1.5,-3.1,-4.6,-0.1,2023
Damion Lee,SG,30,PHO,74,1506,10.7,.607,.546,.230,2.8,14.0,8.3,8.9,1.0,0.4,13.5,16.3,1.1,1.4,2.6,.081,-1.3,-0.4,-1.7,0.1,2023
Saben Lee,PG,23,TOT,25,373,13.1,.517,.248,.471,3.8,9.7,6.7,24.3,2.5,0.2,14.1,19.5,0.2,0.4,0.7,.088,-2.7,0.9,-1.8,0.0,2023
Saben Lee,PG,23,PHI,2,10,12.8,.750,.250,.000,0.0,0.0,0.0,36.9,5.0,0.0,42.9,31.3,0.0,0.0,0.0,-0.096,-3.7,-0.6,-4.3,0.0,2023
Saben Lee,PG,23,PHO,23,363,13.1,.510,.248,.487,3.9,10.0,6.9,24.0,2.4,0.2,12.9,19.1,0.3,0.4,0.7,.093,-2.7,0.9,-1.8,0.0,2023
Alex Len,C,29,SAC,26,161,12.8,.580,.067,.533,17.2,25.4,21.3,9.3,1.2,6.0,30.2,14.1,0.1,0.2,0.3,.085,-4.9,0.9,-4.0,-0.1,2023
Kawhi Leonard,SF,31,LAC,52,1748,23.9,.623,.287,.320,3.7,17.8,10.8,19.6,2.0,1.4,8.1,27.0,4.9,2.2,7.1,.194,5.1,0.9,6.1,3.5,2023
Meyers Leonard,C,30,MIL,9,114,12.0,.652,.621,.310,11.4,19.4,15.5,1.2,0.8,0.0,15.4,14.4,0.2,0.1,0.3,.126,-2.8,-2.2,-5.0,-0.1,2023
Caris LeVert,SG,28,CLE,74,2237,12.4,.546,.437,.243,2.8,12.1,7.4,18.0,1.6,1.0,12.4,18.7,1.4,3.1,4.4,.095,-1.0,0.8,-0.2,1.0,2023
Kira Lewis Jr.,PG,21,NOP,25,235,14.5,.584,.386,.250,2.4,13.5,8.0,14.0,2.1,0.8,9.3,19.7,0.3,0.3,0.6,.122,-0.8,0.5,-0.3,0.1,2023
Damian Lillard,PG,32,POR,58,2107,26.7,.645,.547,.464,2.4,12.8,7.6,35.0,1.2,0.8,11.7,33.8,8.2,0.8,9.0,.205,8.3,-1.2,7.1,4.9,2023
Nassir Little,SF,22,POR,54,976,10.2,.555,.521,.152,3.2,13.5,8.3,7.3,1.0,1.8,10.0,16.0,0.2,0.4,0.7,.032,-1.6,-1.4,-3.0,-0.3,2023
Isaiah Livers,PF,24,DET,52,1199,8.4,.567,.705,.135,2.5,11.0,6.6,4.8,1.1,2.1,9.0,11.9,0.5,0.5,1.0,.041,-2.1,-0.3,-2.4,-0.1,2023
Kenneth Lofton Jr.,PF,20,MEM,24,176,20.2,.572,.183,.290,11.5,19.2,15.4,18.1,1.3,1.0,10.3,27.6,0.3,0.2,0.5,.145,0.7,-1.1,-0.4,0.1,2023
Kevon Looney,C,26,GSW,82,1958,17.8,.639,.003,.404,15.7,26.8,21.4,13.8,1.3,2.2,9.1,10.6,5.9,2.8,8.7,.212,0.9,1.3,2.1,2.0,2023
Brook Lopez,C,34,MIL,78,2373,18.4,.630,.405,.211,7.2,15.3,11.4,6.1,0.7,6.7,9.8,19.3,4.1,3.9,8.0,.161,0.8,1.3,2.1,2.5,2023
Robin Lopez,C,34,CLE,37,299,11.6,.675,.053,.240,9.1,11.0,10.0,9.1,0.3,2.5,23.2,16.1,0.2,0.3,0.6,.094,-3.4,0.3,-3.0,-0.1,2023
Kevin Love,PF,34,TOT,62,1240,13.1,.548,.698,.215,5.5,32.6,18.9,13.2,0.6,0.9,13.1,19.2,0.6,2.0,2.6,.099,0.2,0.4,0.6,0.8,2023
Kevin Love,PF,34,CLE,41,821,13.6,.555,.684,.221,6.0,34.2,20.1,12.8,0.4,0.8,13.1,19.6,0.5,1.4,1.9,.112,0.8,0.6,1.4,0.7,2023
Kevin Love,PF,34,MIA,21,419,12.3,.535,.727,.201,4.6,29.6,16.6,14.0,1.1,1.2,13.2,18.5,0.1,0.6,0.7,.075,-1.0,-0.1,-1.1,0.1,2023
Kyle Lowry,PG,36,MIA,55,1718,12.6,.565,.639,.278,2.8,12.9,7.7,23.4,1.7,1.2,15.9,16.7,1.5,1.9,3.4,.096,-0.7,0.8,0.2,0.9,2023
,,,,,,,,,,,,,,,,,,,,,,,,,,2023
Trey Lyles,PF,27,SAC,74,1247,14.2,.607,.588,.304,6.3,21.1,13.7,7.0,1.0,2.2,12.2,18.1,1.4,1.2,2.6,.098,0.0,-0.9,-1.0,0.3,2023
Théo Maledon,PG,21,CHO,44,854,11.6,.515,.374,.291,1.7,13.9,7.7,24.2,2.1,1.2,17.1,17.0,0.0,0.9,0.8,.047,-3.0,0.5,-2.5,-0.1,2023
Sandro Mamukelashvili,C,23,TOT,43,660,13.4,.516,.430,.248,11.2,19.0,15.1,12.8,1.0,1.5,12.1,18.2,0.4,0.5,0.9,.063,-1.1,-1.3,-2.4,-0.1,2023
Sandro Mamukelashvili,C,23,MIL,24,217,8.5,.432,.552,.310,9.0,17.6,13.4,9.3,0.9,1.9,12.0,14.5,-0.1,0.3,0.2,.049,-4.0,0.4,-3.6,-0.1,2023
Sandro Mamukelashvili,C,23,SAS,19,443,15.9,.545,.390,.227,12.3,19.7,15.9,14.6,1.1,1.3,12.1,20.1,0.4,0.2,0.6,.070,0.3,-2.1,-1.8,0.0,2023
Terance Mann,SG,26,LAC,81,1872,13.4,.619,.378,.225,4.7,11.8,8.3,14.0,1.1,1.0,12.2,15.3,2.8,1.5,4.3,.111,-0.3,0.1,-0.2,0.8,2023
Tre Mann,PG,21,OKC,67,1183,10.0,.492,.513,.110,2.4,11.8,7.0,14.0,1.6,0.9,10.6,20.7,-0.6,1.1,0.5,.021,-3.0,-1.0,-3.9,-0.6,2023
Boban Marjanović,C,34,HOU,31,171,23.4,.710,.017,.450,12.7,26.0,19.3,8.7,1.4,1.1,16.3,20.8,0.4,0.1,0.6,.158,3.0,-1.5,1.6,0.2,2023
Lauri Markkanen,PF,25,UTA,66,2273,22.1,.640,.446,.348,6.3,20.7,13.6,8.6,0.9,1.4,8.8,26.6,6.3,1.9,8.2,.173,4.9,-1.0,3.8,3.3,2023
Naji Marshall,SF,25,NOP,77,1792,11.4,.539,.382,.306,3.0,14.6,8.8,14.4,1.5,0.7,13.0,17.8,0.5,2.0,2.5,.068,-1.9,0.0,-1.9,0.1,2023
Caleb Martin,SF,27,MIA,71,2077,11.4,.571,.431,.206,4.8,15.0,9.7,8.2,1.7,1.5,11.5,14.4,1.2,2.5,3.7,.086,-1.8,0.5,-1.2,0.4,2023
Cody Martin,SF,27,CHO,7,134,8.7,.448,.389,.194,6.2,13.0,9.5,11.0,1.4,0.6,4.9,12.9,0.0,0.1,0.1,.045,-3.8,-0.8,-4.6,-0.1,2023
KJ Martin,SF,22,HOU,82,2292,15.4,.635,.300,.308,6.0,15.8,10.8,8.1,0.9,1.3,10.0,16.4,4.2,0.7,4.9,.103,0.6,-1.3,-0.7,0.7,2023
Tyrese Martin,SG,23,ATL,16,66,7.7,.440,.304,.087,8.2,11.7,10.0,3.9,0.7,0.0,7.7,16.5,0.0,0.0,0.0,-0.010,-4.2,-3.1,-7.4,-0.1,2023
Garrison Mathews,SG,26,TOT,54,686,9.7,.573,.896,.264,1.7,10.0,5.8,5.1,1.7,0.7,7.8,14.7,0.7,0.3,1.0,.067,-2.0,-0.4,-2.4,-0.1,2023
Garrison Mathews,SG,26,HOU,45,602,9.1,.564,.912,.265,1.8,9.6,5.7,5.1,1.9,0.6,8.7,14.3,0.5,0.2,0.7,.058,-2.3,-0.2,-2.5,-0.1,2023
Garrison Mathews,SG,26,ATL,9,84,14.0,.623,.806,.258,1.3,13.2,7.2,4.7,0.6,1.0,2.8,17.8,0.2,0.0,0.2,.127,0.7,-2.4,-1.7,0.0,2023
Bennedict Mathurin,SG,20,IND,78,2222,13.1,.566,.326,.477,4.4,11.5,7.9,7.6,1.0,0.5,11.7,24.6,1.0,0.8,1.8,.038,-1.2,-2.5,-3.7,-1.0,2023
Wesley Matthews,SF,36,MIL,52,820,7.0,.519,.775,.175,4.5,9.7,7.2,5.1,1.2,1.3,9.5,9.8,0.3,0.9,1.2,.073,-3.4,0.8,-2.7,-0.1,2023
Tyrese Maxey,SG,22,PHI,60,2016,17.0,.605,.404,.233,1.4,8.8,5.2,16.9,1.2,0.4,7.4,24.1,3.7,1.6,5.4,.128,1.9,-1.2,0.6,1.3,2023
Skylar Mays,PG,25,POR,6,189,19.4,.624,.382,.191,1.2,10.4,5.8,40.0,1.5,0.5,11.9,19.3,0.6,0.1,0.7,.171,2.1,-2.1,0.0,0.1,2023
Miles McBride,PG,22,NYK,64,760,8.4,.475,.623,.195,1.9,5.4,3.6,12.4,2.4,1.0,9.7,14.6,0.0,0.7,0.7,.047,-3.6,1.4,-2.3,-0.1,2023
Mac McClung,SG,24,PHI,2,41,19.2,.563,.550,.250,8.8,19.8,14.4,35.3,0.0,0.0,11.9,27.5,0.1,0.0,0.1,.140,2.2,-1.7,0.5,0.0,2023
CJ McCollum,PG,31,NOP,75,2649,15.6,.541,.404,.177,2.4,11.7,7.0,25.1,1.3,1.4,11.2,26.4,1.5,2.8,4.3,.078,1.5,-0.7,0.8,1.9,2023
,,,,,,,,,,,,,,,,,,,,,,,,,,2023
T.J. McConnell,PG,30,IND,75,1526,16.8,.590,.113,.131,3.3,13.7,8.5,37.9,2.5,0.6,20.6,19.1,1.9,1.2,3.1,.098,0.4,0.1,0.5,1.0,2023
Jaden McDaniels,SF,22,MIN,79,2416,12.0,.611,.376,.201,4.3,9.8,7.1,8.4,1.5,2.7,12.6,15.8,2.0,2.4,4.4,.087,-1.7,0.5,-1.2,0.5,2023
Jalen McDaniels,SF,25,TOT,80,1913,11.8,.557,.376,.224,3.6,16.3,9.9,9.6,2.1,1.6,12.1,17.2,0.5,2.2,2.7,.068,-2.7,0.6,-2.1,-0.1,2023
Jalen McDaniels,SF,25,CHO,56,1494,11.6,.551,.409,.211,3.1,16.5,9.6,10.5,2.1,1.7,12.9,17.5,0.1,1.7,1.8,.057,-2.7,0.7,-2.0,0.0,2023
Jalen McDaniels,SF,25,PHI,24,419,12.5,.580,.244,.276,5.5,15.8,10.7,6.5,2.0,1.1,8.6,16.1,0.4,0.5,1.0,.109,-2.5,-0.1,-2.6,-0.1,2023
Doug McDermott,SF,31,SAS,64,1314,11.2,.590,.570,.134,1.9,9.9,5.8,9.8,0.5,0.4,9.5,19.2,1.0,0.0,1.0,.035,-0.7,-2.5,-3.2,-0.4,2023
JaVale McGee,C,35,DAL,42,355,17.2,.650,.040,.328,9.7,25.5,17.5,5.2,0.6,6.5,20.1,22.8,0.1,0.5,0.6,.076,-3.6,-0.1,-3.7,-0.1,2023
Bryce McGowens,SG,20,CHO,46,787,7.2,.519,.396,.396,2.7,10.1,6.3,9.1,0.9,0.7,15.3,15.0,-0.4,0.4,0.1,.005,-4.6,-1.4,-6.0,-0.8,2023
Rodney McGruder,SG,31,DET,32,524,10.7,.566,.638,.145,4.1,11.8,7.8,7.6,1.5,0.2,6.4,14.0,0.5,0.2,0.7,.068,-0.8,-0.7,-1.5,0.1,2023
Jordan McLaughlin,PG,26,MIN,43,678,11.8,.526,.538,.124,2.5,7.6,5.1,27.4,2.2,0.5,17.7,11.7,0.7,0.6,1.3,.094,-1.3,0.6,-0.7,0.2,2023
De'Anthony Melton,SG,24,PHI,77,2150,12.7,.566,.619,.134,3.9,13.1,8.6,12.9,2.9,1.8,12.9,16.4,1.1,3.1,4.2,.095,-0.7,1.6,0.9,1.6,2023
Sam Merrill,SG,26,CLE,5,59,15.5,.546,.818,.091,0.0,18.0,9.0,12.0,3.4,0.0,0.0,17.3,0.1,0.1,0.2,.160,-1.2,2.5,1.2,0.0,2023
Chimezie Metu,PF,25,SAC,66,689,17.3,.639,.174,.333,7.8,24.9,16.4,8.1,1.5,2.7,11.3,17.6,1.2,0.8,2.1,.143,-0.3,0.2,-0.1,0.3,2023
Khris Middleton,SF,31,MIL,33,801,17.4,.551,.399,.251,3.8,14.0,9.1,30.7,1.4,0.5,13.6,27.4,1.0,1.0,1.9,.117,1.0,-0.3,0.8,0.6,2023
Patty Mills,PG,34,BRK,40,567,10.6,.554,.641,.144,1.6,7.0,4.4,13.9,1.3,0.5,11.9,19.7,0.0,0.4,0.4,.035,-1.4,-1.7,-3.1,-0.2,2023
Shake Milton,SG,26,PHI,76,1567,12.7,.575,.294,.231,3.0,11.3,7.2,22.3,0.8,0.8,14.5,18.5,1.6,1.2,2.9,.087,-1.0,-0.9,-2.0,0.0,2023
Justin Minaya,SF,23,POR,4,89,4.0,.363,.522,.043,3.8,15.6,9.7,5.9,1.1,5.0,14.6,13.4,-0.2,0.1,-0.1,-0.067,-7.2,-1.9,-9.0,-0.2,2023
Josh Minott,SF,20,MIN,15,96,17.9,.582,.167,.222,5.9,22.9,14.6,7.5,2.0,5.4,7.1,18.9,0.1,0.2,0.3,.146,-1.9,0.4,-1.6,0.0,2023
Davion Mitchell,PG,24,SAC,80,1447,9.4,.545,.494,.078,1.3,7.0,4.1,16.5,1.5,0.9,13.1,14.1,0.7,0.8,1.5,.050,-2.4,-0.4,-2.8,-0.3,2023
Donovan Mitchell,SG,26,CLE,68,2432,22.9,.614,.453,.262,3.1,10.9,7.0,21.4,2.0,1.0,10.3,32.1,5.4,3.5,8.9,.176,5.6,0.6,6.3,5.0,2023
Evan Mobley,PF,21,CLE,79,2715,17.9,.591,.108,.321,8.1,22.7,15.4,12.4,1.1,4.0,11.9,20.2,3.7,4.8,8.5,.151,0.0,1.6,1.7,2.5,2023
Isaiah Mobley,PF,23,CLE,12,84,14.1,.521,.286,.143,5.6,22.4,14.0,5.0,2.4,3.3,3.3,16.4,0.1,0.2,0.2,.135,-2.5,1.1,-1.4,0.0,2023
,,,,,,,,,,,,,,,,,,,,,,,,,,2023
Chima Moneke,SF,27,SAC,2,8,-3.5,.347,.000,1.000,28.8,0.0,14.3,16.1,0.0,0.0,41.0,26.2,0.0,0.0,0.0,-0.288,-12.7,-8.0,-20.7,0.0,2023
Malik Monk,SG,24,SAC,77,1719,16.6,.587,.500,.260,2.1,11.3,6.7,25.0,1.4,1.0,14.1,25.8,2.1,1.2,3.2,.091,1.6,-1.4,0.3,1.0,2023
Moses Moody,SG,20,GSW,63,817,10.3,.603,.595,.233,3.8,10.2,7.1,8.2,1.0,0.8,12.0,14.6,0.7,0.6,1.3,.076,-1.7,-0.9,-2.6,-0.1,2023
Xavier Moon,SG,28,LAC,4,20,7.2,.389,.333,.000,0.0,16.6,8.4,35.7,0.0,0.0,10.0,21.8,0.0,0.0,0.0,-0.030,-4.1,-1.0,-5.1,0.0,2023
Wendell Moore Jr.,SG,21,MIN,29,153,9.3,.465,.395,.116,3.0,10.0,6.6,15.3,2.5,2.8,15.0,14.9,-0.1,0.2,0.1,.028,-3.8,1.3,-2.4,0.0,2023
Ja Morant,PG,23,MEM,61,1948,23.3,.557,.247,.409,3.3,16.1,9.7,41.1,1.6,0.7,12.6,34.9,3.4,2.6,6.0,.148,5.2,0.5,5.7,3.8,2023
Marcus Morris,PF,33,LAC,65,1825,10.5,.534,.479,.135,1.8,13.9,7.9,8.9,1.1,1.0,7.6,17.6,0.4,1.6,2.0,.053,-1.8,-0.2,-1.9,0.0,2023
Markieff Morris,PF,33,TOT,35,355,10.4,.553,.617,.087,4.2,18.2,11.3,12.2,1.2,1.2,13.1,17.2,0.1,0.4,0.4,.059,-2.3,-0.4,-2.7,-0.1,2023
Markieff Morris,PF,33,BRK,27,285,10.7,.556,.598,.122,5.2,17.7,11.6,11.8,1.4,1.5,13.9,15.6,0.1,0.3,0.4,.074,-1.8,-0.1,-1.9,0.0,2023
Markieff Morris,PF,33,DAL,8,70,9.1,.545,.667,.000,0.0,20.2,10.0,13.7,0.7,0.0,10.8,23.9,0.0,0.1,0.0,.002,-4.4,-1.4,-5.8,-0.1,2023
Monte Morris,PG,27,WAS,62,1695,15.0,.579,.396,.150,1.8,11.6,6.9,26.4,1.2,0.6,9.9,15.6,3.1,1.1,4.2,.120,0.8,-0.4,0.5,1.1,2023
Trey Murphy III,SF,22,NOP,79,2448,15.2,.650,.621,.238,2.7,10.3,6.5,6.4,1.8,1.7,6.5,16.6,4.8,2.8,7.6,.150,1.4,0.4,1.8,2.3,2023
Dejounte Murray,SG,26,ATL,74,2693,17.0,.540,.293,.144,2.1,13.8,7.9,24.0,2.0,0.6,10.2,24.4,2.4,2.3,4.7,.084,1.1,0.0,1.0,2.1,2023
Jamal Murray,PG,25,DEN,65,2133,18.0,.571,.415,.207,2.7,11.0,6.9,27.5,1.5,0.7,11.3,26.1,3.3,1.9,5.1,.116,2.6,-1.3,1.3,1.8,2023
Keegan Murray,SF,22,SAC,80,2382,12.3,.597,.641,.104,4.3,13.4,8.9,5.5,1.2,1.5,6.8,15.8,2.6,1.7,4.3,.087,0.4,-1.0,-0.6,0.8,2023
Mike Muscala,C,31,TOT,63,945,13.0,.608,.709,.178,4.2,19.1,11.6,7.1,0.8,2.3,6.8,15.1,1.4,1.1,2.5,.128,-0.3,-0.1,-0.4,0.4,2023
Mike Muscala,C,31,OKC,43,622,13.8,.602,.700,.192,3.9,19.7,11.6,8.2,0.8,2.8,6.0,15.7,1.0,0.7,1.7,.134,0.3,-0.1,0.1,0.3,2023
Mike Muscala,C,31,BOS,20,323,11.6,.623,.730,.146,4.8,18.0,11.5,5.0,0.6,1.3,8.7,14.0,0.4,0.4,0.8,.116,-1.5,0.1,-1.4,0.1,2023
Svi Mykhailiuk,SF,25,TOT,32,468,14.0,.584,.572,.225,3.4,8.9,6.1,16.5,1.5,0.7,11.2,19.3,0.5,0.3,0.8,.081,0.5,-0.7,-0.1,0.2,2023
Svi Mykhailiuk,SF,25,NYK,13,40,15.8,.739,.833,.417,0.0,19.3,9.6,3.5,1.2,0.0,12.3,17.4,0.1,0.0,0.1,.141,3.6,0.5,4.1,0.1,2023
Svi Mykhailiuk,SF,25,CHO,19,428,13.8,.571,.553,.211,3.7,7.9,5.7,17.7,1.6,0.8,11.1,19.5,0.4,0.3,0.7,.076,0.3,-0.8,-0.5,0.2,2023
Larry Nance Jr.,C,30,NOP,65,1381,16.0,.649,.138,.259,8.7,20.3,14.5,11.7,2.0,2.6,11.0,11.9,2.8,2.1,4.9,.171,0.0,2.0,2.0,1.4,2023
Andrew Nembhard,SG,23,IND,75,2073,10.0,.528,.408,.096,1.9,8.8,5.3,22.4,1.6,0.5,15.8,16.1,0.4,0.8,1.2,.029,-2.4,-0.8,-3.2,-0.6,2023
Aaron Nesmith,SF,23,IND,73,1816,10.5,.566,.532,.241,3.8,13.1,8.5,7.4,1.4,1.6,10.3,16.8,0.9,1.1,2.0,.052,-2.3,-0.7,-3.0,-0.4,2023
Raul Neto,PG,30,CLE,48,505,12.6,.628,.382,.309,2.3,8.4,5.4,21.0,1.7,0.7,16.1,13.2,0.8,0.6,1.5,.142,-1.7,1.5,-0.2,0.2,2023
Georges Niang,PF,29,PHI,78,1512,10.9,.610,.765,.090,1.5,12.8,7.2,7.3,1.0,0.9,9.4,17.0,1.1,1.4,2.5,.078,-0.4,-1.0,-1.4,0.2,2023
,,,,,,,,,,,,,,,,,,,,,,,,,,2023
Daishen Nix,PG,20,HOU,57,914,5.3,.447,.591,.152,2.1,9.7,5.9,19.2,1.6,0.7,25.4,15.4,-1.5,0.3,-1.2,-0.062,-5.0,-1.5,-6.5,-1.0,2023
Zeke Nnaji,PF,22,DEN,53,728,12.5,.620,.332,.316,10.5,11.2,10.9,3.3,1.1,2.8,12.2,15.2,0.9,0.7,1.6,.106,-2.7,-0.9,-3.7,-0.3,2023
Nerlens Noel,C,28,TOT,17,195,7.9,.424,.056,.333,5.6,21.0,13.1,6.7,4.0,4.5,23.9,12.0,-0.3,0.3,0.0,.007,-6.5,2.6,-3.8,-0.1,2023
Nerlens Noel,C,28,DET,14,152,10.0,.465,.067,.333,5.0,22.6,13.5,6.2,4.1,5.2,18.9,11.9,-0.1,0.3,0.1,.040,-5.1,3.1,-2.0,0.0,2023
Nerlens Noel,C,28,BRK,3,43,0.3,.218,.000,.333,8.0,15.3,11.8,8.3,3.4,2.0,42.1,12.2,-0.2,0.1,-0.1,-0.112,-11.3,1.0,-10.3,-0.1,2023
Jaylen Nowell,SG,23,MIN,65,1252,13.7,.527,.371,.158,3.3,11.7,7.6,15.9,1.6,0.3,8.9,25.0,0.0,1.2,1.2,.046,-1.5,-1.0,-2.5,-0.2,2023
Frank Ntilikina,SG,24,DAL,47,607,5.2,.461,.508,.250,1.3,10.7,5.9,12.8,1.3,1.0,16.5,13.1,-0.5,0.4,-0.1,-0.010,-6.1,-0.7,-6.7,-0.7,2023
Kendrick Nunn,SG,27,TOT,70,964,11.1,.530,.496,.091,1.8,10.3,6.2,13.8,1.4,0.6,12.4,23.7,-0.6,0.8,0.2,.008,-2.0,-1.5,-3.5,-0.4,2023
Kendrick Nunn,SG,27,LAL,39,528,8.7,.503,.502,.084,1.0,9.8,5.6,9.3,1.0,0.5,10.6,23.3,-0.6,0.4,-0.2,-0.021,-3.4,-1.6,-5.0,-0.4,2023
Kendrick Nunn,SG,27,WAS,31,436,14.1,.563,.487,.101,2.7,10.8,6.9,19.2,1.9,0.8,14.4,24.2,0.0,0.4,0.4,.043,-0.4,-1.3,-1.6,0.0,2023
Jusuf Nurkić,C,28,POR,52,1391,17.3,.589,.236,.380,9.3,29.7,19.5,16.4,1.5,2.8,16.8,22.1,1.2,1.5,2.7,.092,-0.6,0.7,0.1,0.7,2023
Jordan Nwora,SF,24,TOT,62,1188,12.2,.561,.474,.193,4.7,15.8,10.4,10.5,1.0,1.0,12.0,19.4,0.5,1.0,1.5,.060,-0.8,-1.3,-2.1,0.0,2023
Jordan Nwora,SF,24,MIL,38,597,10.0,.530,.518,.218,5.3,14.8,10.2,8.4,1.0,1.0,13.6,17.6,0.0,0.7,0.7,.057,-2.0,-0.4,-2.4,0.0,2023
Jordan Nwora,SF,24,IND,24,591,14.4,.586,.440,.173,4.1,16.9,10.5,12.6,1.0,1.0,10.7,21.2,0.5,0.3,0.8,.064,0.4,-2.2,-1.8,0.0,2023
Royce O'Neale,SF,29,BRK,76,2409,9.2,.538,.707,.116,2.6,15.0,9.0,15.3,1.3,1.7,15.5,13.6,0.4,2.5,2.9,.057,-1.7,0.6,-1.1,0.5,2023
Chuma Okeke,SF,24,ORL,27,518,9.1,.488,.705,.172,5.7,15.3,10.5,9.4,1.8,2.1,11.5,12.3,0.0,0.6,0.7,.061,-2.4,0.8,-1.6,0.1,2023
Josh Okogie,SG,24,PHO,72,1350,13.3,.531,.476,.464,8.8,11.9,10.3,10.3,2.0,2.3,11.2,17.7,1.1,1.7,2.8,.101,-0.8,0.5,-0.2,0.6,2023
Onyeka Okongwu,C,22,ATL,80,1849,19.4,.678,.026,.394,12.7,21.5,17.0,5.8,1.4,4.9,12.2,15.1,4.7,2.4,7.1,.185,0.0,0.8,0.8,1.3,2023
Isaac Okoro,SF,22,CLE,76,1652,10.7,.614,.483,.291,3.7,9.6,6.7,7.0,1.7,1.7,9.5,11.9,1.9,2.3,4.2,.122,-1.9,1.6,-0.3,0.7,2023
KZ Okpala,PF,23,SAC,35,248,6.2,.554,.553,.211,3.2,12.4,7.8,6.3,1.4,2.5,14.4,8.4,0.1,0.2,0.3,.057,-4.3,1.1,-3.2,-0.1,2023
Victor Oladipo,SG,30,MIA,42,1106,10.6,.513,.526,.196,1.6,12.3,6.8,19.8,2.6,1.1,16.6,21.1,-0.9,1.5,0.6,.024,-2.9,0.8,-2.1,0.0,2023
Kelly Olynyk,C,31,UTA,68,1942,14.4,.643,.424,.417,4.6,18.6,11.7,17.6,1.5,1.6,20.3,17.8,2.4,1.9,4.3,.106,-0.4,0.9,0.4,1.2,2023
Eugene Omoruyi,SF,25,TOT,40,645,10.9,.533,.390,.329,7.1,11.8,9.4,6.3,2.1,0.4,11.5,19.3,0.1,0.5,0.6,.042,-3.5,-0.9,-4.4,-0.4,2023
Eugene Omoruyi,SF,25,OKC,23,272,10.6,.531,.330,.298,8.5,12.1,10.3,5.6,2.4,0.0,13.1,18.8,0.0,0.3,0.3,.052,-4.4,-0.5,-4.9,-0.2,2023
Eugene Omoruyi,SF,25,DET,17,373,11.2,.533,.433,.351,6.1,11.6,8.8,6.8,1.8,0.7,10.4,19.7,0.1,0.2,0.3,.034,-2.9,-1.2,-4.1,-0.2,2023
Cedi Osman,SF,27,CLE,77,1548,12.0,.579,.589,.204,1.9,11.5,6.7,10.6,1.1,0.7,8.3,18.2,1.4,1.9,3.3,.103,-0.8,0.2,-0.7,0.5,2023
Kelly Oubre Jr.,SF,27,CHO,48,1548,14.8,.534,.414,.254,4.4,12.9,8.6,5.6,2.1,1.0,6.6,26.5,0.1,1.5,1.7,.051,-0.4,-0.7,-1.1,0.3,2023
Chris Paul,PG,37,PHO,59,1889,17.7,.555,.391,.240,1.6,13.4,7.4,38.7,2.4,1.0,13.4,19.2,3.7,2.5,6.2,.156,2.0,1.2,3.2,2.5,2023
,,,,,,,,,,,,,,,,,,,,,,,,,,2023
Cameron Payne,PG,28,PHO,48,968,13.2,.512,.408,.141,1.3,11.0,6.1,32.6,1.7,0.7,14.4,24.8,0.0,1.0,1.1,.053,-0.5,-0.7,-1.2,0.2,2023
Gary Payton II,SG,30,TOT,22,367,13.3,.701,.377,.101,7.4,13.9,10.6,11.0,2.9,1.2,18.2,10.3,0.6,0.4,1.0,.125,-1.2,1.5,0.3,0.2,2023
Gary Payton II,SG,30,POR,15,255,11.3,.713,.415,.098,4.5,13.2,8.8,11.6,3.1,0.3,21.9,9.3,0.3,0.2,0.5,.097,-2.0,1.4,-0.6,0.1,2023
Gary Payton II,SG,30,GSW,7,112,17.7,.682,.321,.107,14.0,15.4,14.7,9.6,2.5,3.1,12.0,12.5,0.3,0.2,0.4,.191,0.5,1.9,2.4,0.1,2023
Theo Pinson,SG,27,DAL,40,323,10.1,.512,.713,.149,3.6,19.3,11.4,19.6,0.9,0.3,11.5,14.7,0.2,0.2,0.5,.071,-2.5,-0.9,-3.4,-0.1,2023
Scotty Pippen Jr.,PG,22,LAL,6,32,9.6,.439,.250,.750,6.9,6.5,6.7,8.2,3.0,2.6,11.1,23.7,-0.1,0.0,0.0,-0.017,-5.1,-0.8,-5.9,0.0,2023
Mason Plumlee,C,32,TOT,79,2054,19.6,.689,.000,.647,11.8,25.1,18.4,17.3,1.1,2.0,15.8,15.2,5.5,2.4,7.9,.185,1.2,1.0,2.2,2.2,2023
Mason Plumlee,C,32,CHO,56,1597,20.0,.673,.000,.646,12.2,24.1,18.1,18.7,1.0,1.9,14.6,15.7,4.3,1.8,6.1,.183,1.5,0.9,2.4,1.8,2023
Mason Plumlee,C,32,LAC,23,457,18.2,.761,.000,.648,10.4,28.4,19.5,12.3,1.2,2.3,21.0,13.7,1.2,0.6,1.8,.190,0.1,1.2,1.4,0.4,2023
Jakob Poeltl,C,27,TOT,72,1906,21.0,.635,.002,.325,13.0,25.5,19.0,15.2,1.7,4.0,15.0,18.2,3.7,2.2,6.0,.150,1.1,0.8,1.9,1.9,2023
Jakob Poeltl,C,27,SAS,46,1199,19.7,.625,.003,.332,13.3,25.0,18.9,17.0,1.4,3.6,17.8,18.6,1.8,1.1,2.9,.115,0.5,0.4,0.9,0.9,2023
Jakob Poeltl,C,27,TOR,26,707,23.1,.652,.000,.313,12.5,26.4,19.0,12.1,2.1,4.7,10.0,17.5,1.9,1.2,3.1,.209,2.2,1.5,3.6,1.0,2023
Aleksej Pokusevski,PF,21,OKC,34,701,13.4,.522,.418,.141,6.8,17.8,12.2,12.4,1.4,5.7,14.0,18.3,0.0,1.0,1.0,.066,-1.0,1.0,0.0,0.3,2023
Jordan Poole,PG,23,GSW,82,2458,14.6,.573,.498,.325,1.5,8.5,5.0,22.5,1.2,0.8,14.7,29.2,1.4,1.9,3.2,.063,-0.1,-1.8,-1.9,0.1,2023
Kevin Porter Jr.,PG,22,HOU,59,2024,16.2,.565,.436,.299,4.1,13.1,8.5,25.7,2.0,0.8,15.8,24.3,1.9,1.0,2.9,.068,1.4,-0.8,0.6,1.3,2023
Michael Porter Jr.,SF,24,DEN,62,1798,16.8,.621,.556,.147,4.2,17.2,10.9,5.3,1.0,1.4,7.3,22.7,2.6,1.8,4.3,.116,2.0,-1.8,0.2,1.0,2023
Otto Porter Jr.,SF,29,TOR,8,146,14.0,.656,.567,.267,4.3,10.9,7.4,7.2,3.7,0.0,10.7,11.0,0.2,0.2,0.4,.142,-1.3,2.0,0.7,0.1,2023
Bobby Portis,PF,27,MIL,70,1818,17.8,.575,.320,.156,9.2,28.6,19.3,8.7,0.8,0.7,8.6,21.7,2.5,2.8,5.3,.139,1.2,-0.6,0.7,1.2,2023
Kristaps Porziņģis,C,27,WAS,65,2120,23.1,.627,.350,.409,6.2,21.8,14.3,12.9,1.3,4.0,10.2,27.4,5.0,2.7,7.7,.174,3.8,0.5,4.3,3.4,2023
Micah Potter,PF,24,UTA,7,52,18.6,.800,.467,.000,6.3,26.7,16.6,11.2,0.9,0.0,11.8,13.7,0.2,0.0,0.2,.186,2.4,1.2,3.5,0.1,2023
Dwight Powell,C,31,DAL,76,1458,15.5,.738,.019,.625,11.8,13.3,12.5,6.9,1.6,1.6,15.9,12.6,3.8,1.3,5.1,.168,-1.2,0.0,-1.2,0.3,2023
Norman Powell,SG,29,LAC,60,1567,17.1,.612,.404,.390,1.7,10.7,6.3,11.0,1.6,1.0,10.8,26.0,2.1,1.4,3.5,.107,0.9,-0.7,0.3,0.9,2023
Jason Preston,PG,23,LAC,14,124,10.3,.489,.439,.049,1.8,17.9,9.9,30.9,0.8,0.0,19.3,18.3,0.0,0.1,0.1,.021,-2.1,-0.5,-2.6,0.0,2023
Joshua Primo,SG,20,SAS,4,93,6.1,.467,.462,.346,2.3,13.4,7.6,24.4,0.5,1.8,26.9,18.2,-0.2,0.0,-0.1,-0.073,-4.7,-1.6,-6.3,-0.1,2023
Taurean Prince,PF,28,MIN,54,1192,10.0,.597,.512,.203,1.4,10.8,6.2,9.6,1.1,1.1,14.3,17.3,0.3,1.0,1.3,.052,-2.6,-0.6,-3.3,-0.4,2023
Payton Pritchard,PG,25,BOS,48,643,10.3,.536,.629,.065,4.3,10.5,7.5,14.0,1.1,0.1,13.7,19.8,-0.1,0.7,0.6,.045,-2.1,-1.2,-3.4,-0.2,2023
,,,,,,,,,,,,,,,,,,,,,,,,,,2023
Trevelin Queen,SG,25,IND,7,70,6.0,.337,.517,.172,12.7,14.2,13.5,11.1,1.4,6.1,18.3,22.9,-0.3,0.1,-0.2,-0.133,-5.6,-1.5,-7.2,-0.1,2023
Neemias Queta,C,23,SAC,5,29,17.0,.607,.000,.222,19.8,23.5,21.7,5.0,0.0,6.0,9.2,16.1,0.1,0.0,0.1,.149,-2.6,-0.8,-3.4,0.0,2023
Immanuel Quickley,SG,23,NYK,81,2344,16.3,.578,.485,.265,2.7,13.1,7.9,17.4,1.7,0.6,8.7,20.9,4.4,2.3,6.7,.137,1.3,0.4,1.7,2.1,2023
Lester Quinones,SG,22,GSW,4,18,8.6,.654,.800,1.200,6.2,12.0,9.2,14.2,2.6,0.0,39.6,29.4,-0.1,0.0,0.0,-0.103,-6.4,-3.7,-10.2,0.0,2023
Julius Randle,PF,28,NYK,77,2737,20.3,.581,.444,.371,5.6,25.2,15.4,18.5,0.9,0.7,11.5,29.5,5.0,3.1,8.1,.142,3.9,-0.2,3.7,3.9,2023
Austin Reaves,SG,24,LAL,64,1843,14.9,.687,.441,.541,2.0,9.0,5.6,15.7,0.8,0.9,14.0,16.2,4.1,1.4,5.4,.142,0.6,0.1,0.7,1.2,2023
Cam Reddish,SF,23,TOT,40,990,10.6,.561,.462,.240,2.0,8.1,5.0,8.1,1.9,1.3,12.0,17.1,0.3,0.7,0.9,.046,-2.6,-0.8,-3.4,-0.4,2023
Cam Reddish,SF,23,NYK,20,438,10.6,.558,.412,.243,1.7,6.0,3.9,6.3,1.7,1.7,9.1,16.2,0.3,0.4,0.7,.071,-2.2,0.0,-2.3,0.0,2023
Cam Reddish,SF,23,POR,20,552,10.6,.563,.500,.239,2.3,9.6,5.9,9.6,2.1,1.0,14.1,17.8,0.0,0.3,0.3,.025,-3.0,-1.4,-4.3,-0.3,2023
Davon Reed,SG,27,TOT,43,342,6.2,.471,.548,.286,3.4,16.0,9.9,8.2,2.1,1.0,17.5,14.5,-0.4,0.4,0.1,.008,-5.4,0.0,-5.3,-0.3,2023
Davon Reed,SG,27,DEN,35,315,5.2,.456,.550,.250,3.4,16.3,10.0,7.3,2.0,1.1,18.4,15.0,-0.4,0.4,-0.1,-0.009,-5.8,-0.3,-6.1,-0.3,2023
Davon Reed,SG,27,LAL,8,27,16.7,.694,.500,1.000,4.1,11.5,7.9,19.2,3.5,0.0,0.0,9.0,0.1,0.0,0.1,.208,-0.1,4.4,4.3,0.0,2023
Paul Reed,C,23,PHI,69,755,19.2,.620,.029,.244,17.8,23.1,20.5,5.3,3.0,6.3,16.3,16.4,1.2,1.6,2.8,.180,-1.6,1.5,-0.1,0.4,2023
Naz Reid,C,23,MIN,68,1251,18.5,.617,.376,.220,6.6,22.8,14.9,9.6,1.6,3.7,12.7,24.8,1.1,1.9,3.0,.114,0.3,0.8,1.0,1.0,2023
Jared Rhoden,SG,23,DET,14,198,6.5,.482,.455,.136,6.0,15.0,10.4,2.8,1.0,0.4,6.0,10.7,0.0,0.1,0.1,.027,-5.0,-1.1,-6.1,-0.2,2023
Nick Richards,C,25,CHO,65,1217,18.3,.676,.003,.585,12.6,24.0,18.2,4.5,0.4,5.1,13.0,15.6,2.7,1.5,4.2,.165,-1.0,-0.2,-1.3,0.2,2023
Josh Richardson,SG,29,TOT,65,1530,12.3,.555,.529,.146,2.9,9.9,6.3,15.8,2.2,1.2,12.7,18.4,0.6,1.1,1.8,.055,-1.0,-0.1,-1.2,0.3,2023
Josh Richardson,SG,29,SAS,42,997,13.6,.556,.510,.148,3.2,10.1,6.5,19.3,1.9,0.9,12.7,20.5,0.6,0.4,1.0,.047,-0.1,-1.0,-1.1,0.2,2023
Josh Richardson,SG,29,NOP,23,533,9.9,.550,.581,.142,2.3,9.6,6.0,9.2,2.6,1.6,12.8,14.5,0.1,0.7,0.8,.071,-2.9,1.6,-1.3,0.1,2023
Austin Rivers,SG,30,MIN,52,1016,7.4,.564,.589,.187,0.6,8.4,4.6,9.3,1.3,0.3,9.2,10.5,0.5,0.8,1.3,.061,-3.3,0.5,-2.8,-0.2,2023
Duncan Robinson,SF,28,MIA,42,691,7.8,.534,.810,.135,1.3,10.7,5.9,9.7,1.0,0.0,10.0,17.9,-0.1,0.6,0.5,.035,-3.5,-1.5,-5.0,-0.5,2023
Mitchell Robinson,C,24,NYK,59,1591,18.9,.652,.000,.436,18.4,20.0,19.2,4.5,1.7,6.5,10.9,10.1,4.0,2.6,6.5,.197,1.0,1.4,2.4,1.7,2023
Orlando Robinson,C,22,MIA,31,425,13.4,.565,.067,.348,12.8,22.3,17.4,8.4,1.4,2.9,13.5,12.4,0.5,0.6,1.1,.129,-2.7,0.7,-2.1,0.0,2023
Jeremiah Robinson-Earl,PF,22,OKC,43,814,13.0,.548,.448,.169,9.2,14.7,11.9,7.0,1.4,1.2,6.7,14.6,1.1,0.8,1.9,.111,-0.8,-0.7,-1.5,0.1,2023
Isaiah Roby,PF,24,SAS,42,474,9.3,.497,.387,.265,4.7,20.6,12.3,10.7,1.8,1.2,15.2,17.8,-0.4,0.3,-0.1,-0.011,-4.0,-0.6,-4.6,-0.3,2023
David Roddy,PF,21,MEM,70,1258,8.8,.519,.505,.155,4.2,12.0,8.1,6.1,1.1,1.4,11.3,16.7,-0.3,1.4,1.1,.043,-3.2,-0.7,-3.9,-0.6,2023
,,,,,,,,,,,,,,,,,,,,,,,,,,2023
Ryan Rollins,PG,20,GSW,12,62,-1.4,.508,.450,.300,5.4,15.7,10.6,12.4,0.8,1.4,41.4,26.1,-0.3,0.1,-0.3,-0.218,-11.3,-3.7,-15.0,-0.2,2023
Derrick Rose,PG,34,NYK,27,338,10.1,.463,.396,.075,2.6,10.4,6.5,19.9,1.0,1.4,11.8,23.6,-0.3,0.3,0.0,-0.001,-2.2,-1.5,-3.7,-0.1,2023
Terrence Ross,SG,31,TOT,63,1330,10.2,.544,.555,.073,1.8,11.2,6.5,10.2,1.3,0.7,8.2,16.8,0.5,1.2,1.6,.059,-1.8,-0.3,-2.1,0.0,2023
Terrence Ross,SG,31,ORL,42,944,8.6,.543,.535,.067,1.2,9.0,5.1,8.1,1.3,0.8,10.7,15.7,-0.1,0.7,0.6,.032,-2.7,-0.4,-3.1,-0.3,2023
Terrence Ross,SG,31,PHO,21,386,14.2,.546,.590,.084,3.4,16.7,9.9,15.4,1.3,0.5,3.4,19.7,0.6,0.4,1.0,.127,0.3,0.2,0.5,0.2,2023
Terry Rozier,SG,28,CHO,63,2221,14.7,.517,.425,.185,2.4,10.2,6.2,22.7,1.6,0.6,9.4,26.9,0.1,1.6,1.7,.037,0.6,-1.1,-0.6,0.8,2023
Ricky Rubio,PG,32,CLE,33,566,10.4,.442,.461,.197,1.9,12.7,7.3,27.1,2.3,1.0,13.8,17.7,-0.2,0.9,0.7,.062,-3.8,1.1,-2.8,-0.1,2023
D'Angelo Russell,PG,26,TOT,71,2304,16.3,.605,.517,.228,1.7,8.5,5.2,27.4,1.4,1.1,15.1,22.7,3.1,1.9,5.1,.106,2.1,-0.7,1.5,2.0,2023
D'Angelo Russell,PG,26,MIN,54,1778,16.1,.604,.521,.230,1.8,8.5,5.2,27.0,1.6,1.0,15.5,22.8,2.3,1.5,3.8,.103,1.9,-0.7,1.2,1.4,2023
D'Angelo Russell,PG,26,LAL,17,526,17.1,.610,.502,.222,1.5,8.5,5.1,28.8,0.9,1.3,13.9,22.6,0.9,0.4,1.3,.118,3.1,-0.7,2.4,0.6,2023
Matt Ryan,SF,25,TOT,34,310,8.1,.538,.778,.111,1.4,7.6,4.6,6.9,0.8,0.3,5.8,16.5,0.1,0.2,0.3,.044,-1.9,-1.5,-3.4,-0.1,2023
Matt Ryan,SF,25,LAL,12,129,4.6,.459,.714,.102,1.7,9.6,5.8,4.0,0.7,0.0,5.5,17.7,-0.1,0.1,0.0,-0.014,-4.3,-1.4,-5.7,-0.1,2023
Matt Ryan,SF,25,MIN,22,181,10.6,.604,.831,.119,1.3,6.1,3.7,8.9,0.8,0.5,6.1,15.6,0.2,0.1,0.3,.084,-0.2,-1.6,-1.7,0.0,2023
Domantas Sabonis,C,26,SAC,79,2736,23.5,.668,.088,.467,10.6,30.0,20.3,30.4,1.1,1.2,16.9,21.3,9.6,3.0,12.6,.221,4.1,1.8,5.8,5.4,2023
Luka Šamanić,PF,23,UTA,7,161,11.0,.550,.544,.228,0.0,19.9,10.1,13.0,1.8,1.1,13.8,18.9,0.0,0.2,0.2,.045,-3.2,1.1,-2.1,0.0,2023
Dario Šarić,PF-C,28,TOT,57,806,13.5,.583,.415,.274,7.1,21.4,14.1,12.7,1.2,0.8,15.1,19.2,0.7,1.0,1.7,.099,-1.5,0.1,-1.4,0.1,2023
Dario Šarić,PF,28,PHO,37,533,12.3,.545,.388,.247,7.9,21.9,14.8,14.6,1.2,0.8,15.4,18.7,0.3,0.7,0.9,.085,-2.3,0.3,-2.0,0.0,2023
Dario Šarić,C,28,OKC,20,273,15.9,.650,.465,.323,5.4,20.5,12.8,8.9,1.2,0.7,14.4,20.2,0.4,0.3,0.7,.127,0.1,-0.2,-0.2,0.1,2023
Olivier Sarr,C,23,OKC,9,114,11.5,.544,.267,.233,11.1,18.2,14.6,4.6,0.4,4.1,10.8,13.6,0.1,0.1,0.2,.094,-4.2,-0.7,-4.9,-0.1,2023
Jordan Schakel,SF,24,WAS,2,6,24.3,.750,.500,.000,0.0,0.0,0.0,23.5,8.1,0.0,0.0,14.5,0.0,0.0,0.0,.314,7.7,9.3,17.0,0.0,2023
Admiral Schofield,PF,25,ORL,37,451,10.1,.587,.607,.189,5.8,9.8,7.8,9.6,0.9,1.1,10.8,14.1,0.5,0.3,0.8,.089,-2.2,-0.7,-2.9,-0.1,2023
Dennis Schröder,PG,29,LAL,66,1986,11.5,.545,.346,.388,1.2,7.5,4.4,20.1,1.2,0.4,12.8,18.6,1.3,1.5,2.8,.068,-2.4,-0.5,-2.9,-0.4,2023
Jay Scrubb,SG,22,ORL,2,30,14.2,.825,.286,.286,0.0,22.7,11.3,5.0,3.2,0.0,27.6,15.6,0.0,0.0,0.1,.083,-2.9,1.0,-1.9,0.0,2023
Dereon Seabron,SG,22,NOP,5,12,4.6,.400,.000,.000,9.5,0.0,4.7,0.0,0.0,0.0,0.0,17.9,0.0,0.0,0.0,-0.034,-6.6,-4.7,-11.3,0.0,2023
Alperen Şengün,C,20,HOU,75,2171,19.7,.599,.071,.360,12.1,22.3,17.1,21.0,1.6,3.2,17.3,21.4,3.4,1.8,5.2,.115,1.1,0.4,1.4,1.9,2023
Collin Sexton,PG,24,UTA,48,1145,15.9,.616,.261,.425,3.5,6.3,5.0,17.9,1.1,0.4,13.3,23.4,2.0,0.5,2.5,.105,0.1,-1.5,-1.3,0.2,2023
Landry Shamet,SG,25,PHO,40,807,10.9,.537,.663,.170,1.5,7.9,4.6,15.7,1.6,0.6,10.0,18.9,0.5,0.7,1.2,.071,-1.1,-0.3,-1.4,0.1,2023
Day'Ron Sharpe,C,21,BRK,48,552,17.8,.581,.064,.322,20.6,20.1,20.4,9.7,1.3,5.0,17.7,19.0,0.8,0.8,1.6,.139,-1.8,-0.6,-2.3,0.0,2023
,,,,,,,,,,,,,,,,,,,,,,,,,,2023
Shaedon Sharpe,SG,19,POR,80,1779,11.5,.568,.437,.162,4.0,11.3,7.6,7.9,1.0,1.2,10.7,19.0,0.6,0.6,1.2,.032,-1.3,-2.0,-3.3,-0.6,2023
Pascal Siakam,PF,28,TOR,71,2652,20.3,.565,.219,.361,5.2,19.6,11.9,24.9,1.2,1.3,10.0,27.2,5.2,2.6,7.8,.141,3.3,-0.1,3.1,3.4,2023
Chris Silva,PF,26,DAL,1,3,-2.2,1.000,.000,.000,0.0,0.0,0.0,0.0,0.0,0.0,50.0,30.1,0.0,0.0,0.0,-0.260,-22.5,-0.1,-22.6,0.0,2023
Ben Simmons,PG,26,BRK,42,1105,13.4,.559,.009,.243,4.2,22.2,13.4,31.3,2.4,1.9,27.2,14.3,0.5,1.7,2.2,.097,-2.2,2.6,0.4,0.7,2023
Kobi Simmons,SG,25,CHO,5,28,9.0,.363,.833,.333,3.7,11.7,7.6,21.8,0.0,6.2,12.7,11.8,0.0,0.0,0.0,.019,-1.0,0.1,-0.9,0.0,2023
Marko Simonovic,C,23,CHI,7,20,-0.1,.381,.571,.286,5.8,5.6,5.7,0.0,0.0,0.0,0.0,17.4,0.0,0.0,0.0,-0.052,-10.5,-3.8,-14.4,-0.1,2023
Anfernee Simons,SG,23,POR,62,2171,14.8,.581,.538,.171,0.9,7.6,4.3,18.6,0.9,0.6,10.2,25.1,2.1,0.3,2.5,.054,1.3,-2.5,-1.1,0.5,2023
Jericho Sims,C,24,NYK,52,812,13.8,.780,.009,.150,13.3,19.4,16.4,4.0,0.9,3.2,19.1,7.4,1.6,0.9,2.6,.153,-1.0,0.5,-0.5,0.3,2023
Marcus Smart,PG,28,BOS,61,1957,12.1,.538,.568,.196,2.6,8.0,5.3,26.4,2.3,1.0,17.9,17.8,1.0,2.7,3.7,.092,-1.8,0.8,-1.0,0.5,2023
Dennis Smith Jr.,PG,25,CHO,54,1390,11.6,.475,.246,.235,2.0,11.0,6.4,26.1,2.6,1.6,14.1,17.6,-0.4,1.5,1.1,.039,-3.5,1.2,-2.2,-0.1,2023
Dru Smith,SG,25,TOT,15,158,11.4,.475,.422,.067,1.4,15.9,8.7,19.3,3.1,2.5,6.1,13.8,0.1,0.3,0.3,.099,-3.8,2.9,-0.9,0.0,2023
Dru Smith,SG,25,MIA,5,67,7.1,.393,.429,.000,1.7,14.5,7.9,10.1,3.0,4.6,6.7,9.9,0.0,0.1,0.1,.053,-6.3,3.1,-3.1,0.0,2023
Dru Smith,SG,25,BRK,10,91,14.6,.511,.419,.097,1.3,16.9,9.3,26.0,3.2,0.9,5.8,16.7,0.1,0.1,0.3,.132,-2.1,2.7,0.7,0.1,2023
Ish Smith,PG,34,DEN,43,398,6.5,.407,.092,.031,1.5,13.8,7.8,32.5,1.0,1.6,24.9,19.3,-0.8,0.4,-0.5,-0.056,-5.5,-1.1,-6.6,-0.5,2023
Jabari Smith Jr.,PF,19,HOU,79,2451,11.2,.514,.438,.231,5.4,20.3,12.7,5.9,0.9,3.0,9.6,18.4,0.5,1.4,1.9,.037,-2.3,-1.3,-3.7,-1.1,2023
Jalen Smith,C,22,IND,68,1279,15.9,.565,.376,.270,11.2,22.9,17.1,7.6,0.8,4.0,11.2,21.0,1.1,1.1,2.3,.085,-0.9,-1.1,-2.1,0.0,2023
Xavier Sneed,SF,25,CHO,4,48,9.5,.723,.600,.400,0.0,11.3,5.6,13.9,0.0,1.8,20.3,12.9,0.1,0.0,0.1,.086,-3.1,-0.4,-3.6,0.0,2023
Jeremy Sochan,PF,19,SAS,56,1458,11.4,.509,.243,.210,6.9,15.6,11.0,13.6,1.4,1.3,13.9,19.8,-0.5,0.7,0.2,.005,-2.8,-1.2,-4.0,-0.7,2023
Jaden Springer,SG,20,PHI,16,89,17.2,.545,.143,.229,8.1,10.4,9.3,13.8,3.9,3.1,7.2,20.8,0.1,0.2,0.3,.145,-2.6,2.9,0.3,0.1,2023
Lamar Stevens,SF,25,CLE,62,1120,9.5,.524,.330,.198,5.0,16.7,10.9,4.0,1.2,1.6,7.9,13.6,0.3,1.6,1.9,.080,-3.0,0.2,-2.8,-0.2,2023
Isaiah Stewart,C,21,DET,50,1414,13.1,.560,.465,.338,8.7,23.3,15.8,7.3,0.7,2.1,11.8,17.3,1.1,0.9,2.0,.068,-1.0,-1.1,-2.1,0.0,2023
Max Strus,SF,26,MIA,80,2272,10.8,.557,.713,.113,2.4,11.2,6.7,11.2,0.9,0.5,7.8,17.6,1.5,1.9,3.4,.071,-0.8,-0.9,-1.7,0.2,2023
,,,,,,,,,,,,,,,,,,,,,,,,,,2023
Jalen Suggs,SG,21,ORL,53,1246,12.5,.528,.455,.268,5.0,9.6,7.3,18.0,2.6,2.1,15.9,20.3,-0.2,1.5,1.4,.053,-1.8,0.8,-1.0,0.3,2023
Edmond Sumner,SG,27,BRK,53,736,14.0,.597,.323,.401,2.0,9.9,6.0,13.3,2.1,1.2,13.6,22.1,0.6,0.7,1.3,.086,-2.4,-0.2,-2.6,-0.1,2023
Cole Swider,SF,23,LAL,7,41,7.4,.500,.889,.000,2.7,15.2,9.1,12.0,0.0,0.0,0.0,9.3,0.0,0.0,0.1,.080,-2.9,-0.5,-3.4,0.0,2023
Jae'Sean Tate,SF,27,HOU,31,677,12.2,.546,.201,.301,6.6,12.6,9.6,18.2,1.5,1.0,15.3,18.8,0.4,0.3,0.7,.049,-2.8,-0.7,-3.5,-0.3,2023
Jayson Tatum,SF,24,BOS,74,2732,23.7,.607,.440,.399,3.2,22.5,13.0,20.9,1.4,1.6,10.4,32.7,6.2,4.3,10.5,.185,4.8,0.7,5.5,5.1,2023
Terry Taylor,PF,23,TOT,31,264,11.0,.557,.253,.147,11.4,8.4,9.9,5.1,0.5,2.0,10.1,14.2,0.2,0.1,0.3,.054,-2.3,-1.8,-4.1,-0.1,2023
Terry Taylor,PF,23,IND,26,228,8.8,.507,.277,.108,10.7,8.3,9.5,5.9,0.6,1.9,11.7,14.2,0.0,0.1,0.1,.021,-3.4,-1.9,-5.3,-0.2,2023
Terry Taylor,PF,23,CHI,5,36,25.0,.850,.100,.400,16.0,9.3,12.6,0.0,0.0,2.7,0.0,14.5,0.2,0.0,0.2,.262,4.6,-0.9,3.7,0.1,2023
Garrett Temple,SG,36,NOP,25,162,10.5,.535,.578,.089,3.5,8.4,5.9,10.6,2.7,1.2,7.9,13.4,0.1,0.2,0.3,.094,-2.5,1.6,-1.0,0.0,2023
Dalen Terry,SG,20,CHI,38,214,14.1,.523,.375,.292,6.5,13.0,9.8,14.1,2.5,2.3,9.0,18.4,0.1,0.3,0.5,.105,-1.7,1.7,0.0,0.1,2023
Daniel Theis,C,30,IND,7,109,14.2,.497,.250,.273,7.1,15.2,11.2,12.2,0.9,4.7,5.7,20.1,0.0,0.1,0.1,.046,-0.9,-0.5,-1.4,0.0,2023
Cam Thomas,SG,21,BRK,57,948,14.7,.567,.292,.382,1.0,10.1,5.6,12.7,1.0,0.6,10.6,27.8,0.3,0.7,1.0,.049,-0.7,-2.0,-2.7,-0.2,2023
Klay Thompson,SF,32,GSW,69,2279,14.7,.576,.584,.105,1.9,11.7,6.9,11.0,1.0,1.1,8.6,26.4,1.2,1.9,3.1,.066,1.5,-1.7,-0.3,1.0,2023
JT Thor,PF,20,CHO,69,969,7.0,.506,.517,.197,3.9,13.0,8.4,4.9,1.1,2.1,14.5,13.1,-0.6,0.8,0.2,.009,-4.3,-0.4,-4.7,-0.7,2023
Matisse Thybulle,SF-SG,25,TOT,71,1200,10.5,.552,.585,.111,3.9,9.7,6.8,5.9,3.4,2.4,8.3,10.6,0.6,1.5,2.1,.086,-2.7,2.2,-0.5,0.4,2023
Matisse Thybulle,SF,25,PHI,49,591,10.0,.536,.543,.103,4.1,8.5,6.3,5.1,3.8,2.2,6.2,9.8,0.3,0.9,1.3,.102,-3.2,3.3,0.1,0.3,2023
Matisse Thybulle,SG,25,POR,22,609,11.0,.566,.620,.117,3.7,10.8,7.3,6.6,3.0,2.6,10.0,11.4,0.3,0.6,0.9,.070,-2.2,1.1,-1.2,0.1,2023
Xavier Tillman Sr.,C,24,MEM,61,1180,17.3,.621,.049,.291,10.9,16.7,13.8,10.9,2.3,2.2,11.3,13.7,2.3,1.9,4.2,.171,0.3,1.7,1.9,1.2,2023
Isaiah Todd,PF,21,WAS,6,61,-1.0,.226,.526,.105,3.8,17.6,10.9,7.9,0.8,0.0,9.1,15.6,-0.2,0.0,-0.2,-0.147,-10.3,-3.9,-14.2,-0.2,2023
Obi Toppin,PF,24,NYK,67,1050,13.6,.565,.589,.112,3.0,16.6,9.8,9.2,1.1,1.1,8.0,19.5,1.1,1.0,2.1,.095,0.3,-0.8,-0.5,0.4,2023
Juan Toscano-Anderson,SF,29,TOT,52,700,7.2,.505,.301,.168,4.4,14.4,9.5,11.8,1.1,1.2,18.1,11.3,-0.1,0.6,0.5,.038,-4.6,0.8,-3.8,-0.3,2023
Juan Toscano-Anderson,SF,29,LAL,30,365,7.5,.558,.303,.227,4.3,13.3,8.9,8.6,1.3,1.6,19.0,10.4,0.0,0.4,0.4,.055,-4.6,1.2,-3.4,-0.1,2023
Juan Toscano-Anderson,SF,29,UTA,22,335,6.9,.457,.299,.117,4.6,15.6,10.2,15.2,0.9,0.8,17.4,12.2,-0.1,0.2,0.1,.019,-4.7,0.4,-4.3,-0.2,2023
Karl-Anthony Towns,PF,27,MIN,29,957,18.8,.618,.383,.315,5.7,21.6,13.8,22.0,1.0,1.5,15.0,25.6,1.5,1.1,2.7,.133,2.1,0.9,3.0,1.2,2023
Gary Trent Jr.,SG,24,TOR,66,2118,15.0,.560,.481,.219,1.5,8.2,4.6,7.4,2.4,0.6,5.1,21.7,2.5,2.0,4.5,.102,0.2,0.0,0.2,1.2,2023
P.J. Tucker,PF,37,PHI,75,1920,5.7,.566,.622,.102,5.9,12.1,9.1,3.9,1.0,0.7,15.8,6.5,0.9,1.7,2.5,.064,-3.2,0.2,-3.0,-0.5,2023
,,,,,,,,,,,,,,,,,,,,,,,,,,2023
Myles Turner,C,26,IND,62,1825,20.0,.651,.340,.377,5.4,22.9,14.2,7.5,0.9,6.6,10.8,22.0,3.4,2.0,5.4,.142,1.4,0.7,2.1,1.9,2023
Stanley Umude,SG,23,DET,1,2,65.6,.532,1.000,2.000,0.0,0.0,0.0,0.0,24.2,44.1,0.0,40.0,0.0,0.0,0.0,.626,15.9,32.7,48.6,0.0,2023
Jonas Valančiūnas,C,30,NOP,79,1968,19.3,.610,.134,.275,13.0,33.3,23.1,11.1,0.5,2.5,14.8,23.4,2.8,3.0,5.8,.142,0.0,-0.4,-0.4,0.8,2023
Jarred Vanderbilt,PF,23,TOT,78,1879,15.1,.604,.200,.308,10.0,23.2,16.7,13.1,2.1,0.9,15.9,13.6,2.7,2.5,5.2,.132,-0.6,1.6,1.1,1.5,2023
Jarred Vanderbilt,PF,23,UTA,52,1254,16.0,.607,.183,.328,10.6,24.5,17.6,15.3,2.0,1.0,16.0,14.1,2.1,1.6,3.6,.139,0.0,1.5,1.5,1.1,2023
Jarred Vanderbilt,PF,23,LAL,26,625,13.2,.598,.236,.264,8.7,20.6,14.8,8.8,2.3,0.8,15.7,12.5,0.6,0.9,1.5,.118,-1.7,1.9,0.2,0.4,2023
Fred VanVleet,PG,28,TOR,69,2535,17.0,.540,.545,.254,1.2,12.0,6.3,28.1,2.4,1.5,10.2,23.2,3.7,2.8,6.5,.123,2.0,0.5,2.5,2.9,2023
Devin Vassell,SG,22,SAS,38,1178,15.5,.550,.447,.168,0.7,13.5,6.9,17.3,1.7,1.2,8.2,24.4,0.7,0.5,1.2,.051,1.3,-0.9,0.4,0.7,2023
Gabe Vincent,PG,26,MIA,68,1759,9.0,.533,.617,.138,1.7,8.1,4.8,13.9,1.8,0.3,13.3,17.5,-0.3,1.7,1.4,.038,-3.1,-0.3,-3.4,-0.6,2023
Noah Vonleh,C,27,BOS,23,171,5.9,.502,.167,.083,11.7,18.8,15.3,5.1,0.6,4.0,30.7,9.2,0.0,0.3,0.2,.060,-7.0,0.7,-6.3,-0.2,2023
Nikola Vučević,C,32,CHI,82,2746,19.1,.594,.302,.138,6.7,30.2,18.6,14.6,1.1,2.0,10.2,21.9,3.9,4.4,8.3,.145,1.9,0.7,2.7,3.2,2023
Dean Wade,PF,26,CLE,44,891,8.5,.550,.718,.130,2.6,17.2,9.9,5.4,1.6,2.2,8.3,10.2,0.4,1.4,1.8,.097,-2.9,2.1,-0.7,0.3,2023
Franz Wagner,SF,21,ORL,80,2609,15.9,.589,.322,.288,3.0,11.2,7.1,17.2,1.4,0.6,11.7,23.5,3.1,2.3,5.4,.099,0.4,-0.5,-0.1,1.3,2023
Moritz Wagner,C,25,ORL,57,1109,17.4,.630,.412,.460,7.0,19.4,13.2,11.5,1.6,1.1,12.5,21.1,2.1,1.3,3.4,.149,0.4,0.2,0.6,0.7,2023
Ish Wainright,SF,28,PHO,60,915,9.2,.522,.762,.137,5.3,11.6,8.4,7.4,2.0,2.2,8.4,12.2,0.5,1.2,1.7,.089,-2.7,1.5,-1.2,0.2,2023
Jabari Walker,SF,20,POR,56,619,9.6,.496,.283,.227,8.8,15.5,12.2,7.8,0.8,1.9,11.8,17.3,-0.1,0.3,0.2,.015,-3.9,-2.1,-6.1,-0.6,2023
Kemba Walker,PG,32,DAL,9,144,15.0,.543,.491,.368,2.4,10.6,6.5,20.1,0.7,1.2,5.7,22.1,0.2,0.1,0.3,.098,0.3,-0.6,-0.3,0.1,2023
Lonnie Walker IV,SG,24,LAL,56,1297,12.2,.570,.472,.201,1.2,7.6,4.5,7.0,1.1,1.1,7.4,20.2,0.8,1.0,1.8,.066,-0.9,-0.5,-1.4,0.2,2023
John Wall,PG,32,LAC,34,755,13.6,.498,.322,.334,2.1,11.4,6.8,35.3,1.8,1.4,17.1,27.0,-0.4,0.7,0.3,.020,-0.8,-0.4,-1.2,0.1,2023
T.J. Warren,PF-SF,29,TOT,42,687,13.5,.550,.248,.130,4.2,15.4,9.8,8.7,1.6,1.5,6.5,19.5,0.4,0.8,1.2,.081,-1.7,-0.2,-2.0,0.0,2023
T.J. Warren,PF,29,BRK,26,490,14.3,.576,.240,.165,3.1,13.2,8.3,9.1,1.5,1.2,7.3,20.9,0.3,0.5,0.8,.081,-1.4,-0.6,-2.0,0.0,2023
T.J. Warren,SF,29,PHO,16,197,11.6,.473,.271,.029,7.2,20.7,13.8,7.7,1.7,2.3,4.1,16.0,0.0,0.3,0.3,.080,-2.5,0.6,-1.9,0.0,2023
Duane Washington Jr.,SG,22,PHO,31,394,9.3,.458,.434,.094,0.6,9.8,5.1,25.2,0.7,0.9,11.3,32.5,-0.8,0.3,-0.5,-0.065,-1.8,-2.8,-4.6,-0.3,2023
P.J. Washington,PF,24,CHO,73,2380,12.9,.542,.438,.178,3.2,13.0,8.0,11.0,1.3,2.9,9.4,20.6,0.4,2.2,2.6,.052,-1.0,-0.3,-1.3,0.4,2023
,,,,,,,,,,,,,,,,,,,,,,,,,,2023
TyTy Washington Jr.,PG,21,HOU,31,433,7.5,.432,.500,.113,0.5,11.0,5.7,15.3,1.7,0.5,7.7,17.4,-0.3,0.1,-0.1,-0.016,-5.0,-1.3,-6.3,-0.5,2023
Yuta Watanabe,SF,28,BRK,58,928,12.1,.637,.582,.203,3.7,13.1,8.5,7.0,1.3,1.6,8.0,13.1,1.3,0.9,2.1,.111,-0.4,-0.2,-0.6,0.3,2023
Lindy Waters III,SG,25,OKC,41,531,11.8,.573,.910,.112,3.2,12.2,7.6,7.0,1.3,1.9,5.1,15.5,0.6,0.5,1.1,.101,0.5,-0.4,0.1,0.3,2023
Trendon Watford,PF,22,POR,62,1182,13.6,.625,.198,.310,4.1,19.2,11.6,16.0,1.3,0.9,16.2,16.1,1.3,0.7,2.1,.084,-1.4,-0.4,-1.8,0.1,2023
Peyton Watson,SG,20,DEN,23,186,12.8,.553,.237,.339,5.1,17.4,11.4,7.9,0.5,5.2,10.6,17.7,0.1,0.2,0.3,.073,-2.7,-0.1,-2.8,0.0,2023
Blake Wesley,SG,19,SAS,37,669,3.5,.393,.242,.205,1.7,11.9,6.6,18.8,1.8,0.6,21.7,18.5,-1.9,0.3,-1.6,-0.114,-7.9,-1.8,-9.6,-1.3,2023
Russell Westbrook,PG,34,TOT,73,2126,16.1,.513,.289,.317,4.7,16.5,10.8,38.6,1.7,1.3,18.4,27.7,-0.6,2.6,1.9,.044,0.3,-0.1,0.2,1.2,2023
Russell Westbrook,PG,34,LAL,52,1491,15.3,.496,.292,.326,4.4,18.2,11.5,38.5,1.7,1.3,18.1,28.8,-1.2,1.9,0.7,.023,-0.2,0.1,-0.1,0.7,2023
Russell Westbrook,PG,34,LAC,21,635,17.8,.562,.279,.290,5.4,12.6,9.0,38.9,1.8,1.4,19.4,25.2,0.6,0.7,1.2,.092,1.6,-0.8,0.8,0.5,2023
Coby White,SG,22,CHI,74,1730,12.5,.572,.579,.118,1.1,12.6,6.9,16.3,1.5,0.3,10.6,17.9,1.2,1.9,3.1,.087,-1.0,0.2,-0.8,0.5,2023
Derrick White,SG,28,BOS,82,2319,15.4,.604,.516,.253,2.5,11.2,6.9,19.4,1.1,2.8,10.1,17.7,4.4,3.1,7.4,.154,1.1,1.3,2.4,2.6,2023
Jack White,SF,25,DEN,17,66,12.6,.517,.474,.158,10.7,18.6,14.8,7.7,2.2,2.7,9.0,14.7,0.1,0.1,0.1,.108,-2.6,0.7,-1.9,0.0,2023
Joe Wieskamp,SF,23,TOR,9,50,-0.4,.321,.857,.000,0.0,9.8,4.5,7.4,0.0,0.0,6.7,12.8,-0.1,0.0,-0.1,-0.076,-7.0,-3.6,-10.6,-0.1,2023
Aaron Wiggins,SG,24,OKC,70,1297,12.2,.607,.336,.196,5.5,12.0,8.7,8.3,1.4,1.1,12.2,14.5,1.4,1.2,2.6,.097,-1.5,-0.5,-2.1,0.0,2023
Andrew Wiggins,SF,27,GSW,37,1190,14.7,.564,.425,.136,5.7,11.3,8.6,10.5,1.8,2.1,7.9,21.5,1.0,1.3,2.3,.091,-0.1,-0.4,-0.5,0.5,2023
Lindell Wigginton,PG,24,MIL,7,87,11.8,.610,.486,.243,0.0,8.1,4.2,23.8,0.0,1.9,22.7,25.6,0.0,0.1,0.1,.028,-3.1,-3.6,-6.7,-0.1,2023
Alondes Williams,SG,23,BRK,1,5,-20.9,,,,0.0,22.0,11.2,0.0,0.0,0.0,100.0,17.7,-0.1,0.0,-0.1,-0.517,-21.3,-5.2,-26.5,0.0,2023
Donovan Williams,SG,21,ATL,2,4,14.5,.400,.400,.000,0.0,55.4,27.4,0.0,0.0,0.0,0.0,52.5,0.0,0.0,0.0,-0.225,-9.1,-6.1,-15.2,0.0,2023
Grant Williams,PF,24,BOS,79,2045,10.3,.605,.611,.256,4.7,14.5,9.7,8.4,1.0,1.3,13.4,13.1,1.9,2.6,4.4,.104,-1.8,0.7,-1.1,0.5,2023
Jalen Williams,SG,21,OKC,75,2276,15.6,.601,.258,.241,3.9,12.2,7.9,15.4,2.1,1.4,12.3,18.4,3.0,2.6,5.6,.119,-0.4,0.7,0.3,1.3,2023
Jaylin Williams,C,20,OKC,49,914,11.2,.559,.483,.231,5.1,23.6,14.1,10.7,1.5,1.2,12.6,13.5,0.7,1.2,1.9,.099,-2.3,0.6,-1.7,0.1,2023
Jeenathan Williams,SG,23,POR,5,127,15.5,.657,.205,.077,9.0,4.6,6.8,12.1,1.2,1.4,9.0,15.2,0.3,0.0,0.3,.120,-1.0,-2.1,-3.0,0.0,2023
,,,,,,,,,,,,,,,,,,,,,,,,,,2023
Kenrich Williams,PF,28,OKC,53,1206,14.4,.585,.387,.113,8.5,14.9,11.6,11.7,1.8,1.1,8.1,13.7,2.0,1.3,3.3,.133,0.1,0.4,0.5,0.8,2023
Mark Williams,C,21,CHO,43,828,19.8,.659,.000,.386,11.7,27.7,19.6,3.3,1.6,4.7,12.0,17.0,1.5,1.3,2.8,.163,-0.5,0.6,0.1,0.4,2023
Patrick Williams,PF,21,CHI,82,2323,11.2,.576,.409,.155,3.9,12.0,8.0,5.8,1.5,2.9,12.3,15.7,0.5,3.0,3.5,.072,-1.7,0.4,-1.3,0.4,2023
Robert Williams,C,25,BOS,35,824,19.8,.742,.006,.241,14.0,24.5,19.3,8.5,1.3,5.0,15.3,11.8,2.3,1.6,3.8,.224,1.0,2.4,3.3,1.1,2023
Vince Williams Jr.,SG,22,MEM,15,105,3.9,.367,.700,.050,4.0,11.1,7.6,4.8,2.7,1.7,10.9,18.1,-0.3,0.2,-0.1,-0.049,-8.3,-0.2,-8.5,-0.2,2023
Ziaire Williams,SF,21,MEM,37,561,7.4,.511,.495,.112,3.0,11.9,7.5,8.2,1.2,1.0,15.2,18.0,-0.5,0.6,0.1,.011,-4.7,-0.8,-5.6,-0.5,2023
Zion Williamson,PF,22,NOP,29,956,25.2,.652,.041,.529,6.9,17.0,12.0,24.4,1.6,1.6,14.6,30.4,2.3,1.2,3.6,.180,4.8,1.0,5.8,1.9,2023
Dylan Windler,SF,26,CLE,3,10,19.0,.833,.667,.000,0.0,0.0,0.0,15.2,5.0,0.0,25.0,17.9,0.0,0.0,0.0,.149,3.2,3.5,6.7,0.0,2023
Justise Winslow,PF,26,POR,29,776,9.3,.466,.227,.141,7.2,14.3,10.7,17.2,1.9,1.3,17.0,14.2,-0.1,0.5,0.4,.022,-3.4,0.6,-2.8,-0.2,2023
James Wiseman,C,21,TOT,45,867,15.6,.589,.059,.286,9.2,25.2,17.0,5.5,0.4,2.7,11.8,21.2,0.7,0.7,1.4,.077,-2.1,-1.4,-3.5,-0.3,2023
James Wiseman,C,21,GSW,21,262,17.1,.655,.021,.404,7.7,22.7,15.3,8.0,0.5,2.4,11.2,20.0,0.5,0.3,0.8,.144,-1.3,-0.5,-1.7,0.0,2023
James Wiseman,C,21,DET,24,605,15.0,.563,.073,.241,9.8,26.3,17.8,4.4,0.3,2.9,12.0,21.7,0.2,0.4,0.6,.049,-2.5,-1.8,-4.3,-0.4,2023
Christian Wood,C,27,DAL,67,1738,20.6,.624,.363,.365,5.8,27.4,16.4,11.7,0.9,3.7,11.9,26.4,2.7,2.1,4.8,.132,1.9,-0.3,1.7,1.6,2023
Delon Wright,PG,30,WAS,50,1221,16.3,.581,.409,.206,5.5,10.7,8.2,20.9,3.7,1.2,12.2,12.9,2.1,1.6,3.7,.146,0.4,3.1,3.4,1.7,2023
McKinley Wright IV,PG,24,DAL,27,335,12.4,.536,.286,.194,3.1,13.4,8.2,25.2,1.2,1.3,15.2,16.9,0.2,0.2,0.5,.069,-1.9,-0.8,-2.7,-0.1,2023
Gabe York,SG,29,IND,3,56,11.8,.548,.857,.095,0.0,11.9,5.9,12.3,1.7,0.0,0.0,16.4,0.1,0.0,0.1,.091,-1.7,-1.8,-3.5,0.0,2023
Thaddeus Young,PF,34,TOR,54,795,14.1,.573,.172,.131,9.4,14.6,11.8,12.9,3.4,0.6,16.7,13.5,0.7,1.1,1.8,.109,-1.8,1.9,0.1,0.4,2023
Trae Young,PG,24,ATL,73,2541,22.0,.573,.331,.460,2.4,7.0,4.7,42.5,1.5,0.3,15.2,32.6,5.3,1.4,6.7,.126,5.3,-2.0,3.3,3.4,2023
Omer Yurtseven,C,24,MIA,9,83,16.7,.675,.259,.222,10.9,21.9,16.2,3.9,1.2,2.5,11.9,18.0,0.2,0.1,0.3,.159,-2.5,-1.5,-3.9,0.0,2023
Cody Zeller,C,30,MIA,15,217,16.4,.659,.034,.593,13.0,21.8,17.3,7.2,0.7,1.9,15.8,18.1,0.4,0.3,0.7,.147,-2.0,-0.7,-2.8,0.0,2023
Ivica Zubac,C,25,LAC,76,2170,16.7,.661,.004,.463,12.3,26.5,19.5,5.1,0.7,4.0,15.9,14.8,3.8,2.9,6.7,.149,-1.1,0.2,-0.9,0.6,2023
